basket_id,open_time,symbol,direction,open_level,ema_fast,ema_trend,ema_sep,ema_sep_atr,ema_slope,atr,adx,grid_center,dist_ema_trend_atr,spread_points,hour,dow,roll_wr,roll_pf,roll_n,ema_slope_accel,adx_accel,atr_expansion_rate,consecutive_same_dir,dist_ema_abs,impulse_score,adx_x_atr_expand,slope_x_consec,impulse_x_dist,close_time,profit,exit_reason,hit_tp,hit_bsl,mae,mfe,bars_alive,max_depth,label_class,y_steamroller,y_fail
1490,2025.01.02 13:35:37,EURUSD,SELL,1,1.03235,1.03420,-0.00185,-3.0354,-0.00001,0.00061,17.53,1.03227,-2.2432,4,13,4,0.6200,0.6535,50,-4e-05,0.98,-0.089552,1,2.2432,3.4208,0.0,0.4,7.6735,2025.01.02 16:04:04,10.03,BASKET_TP,1,0,-0.17,10.03,29,1,winner,0,0
1491,2025.01.02 20:22:05,EURUSD,SELL,1,1.02556,1.02804,-0.00248,-7.1242,0.00002,0.00035,20.92,1.02552,-6.2281,4,20,4,0.6400,0.7121,50,3e-05,3.39,-0.42623,2,6.2281,9.637,0.0,0.6,60.0204,2025.01.06 02:09:36,-25.06,BASKET_SL,0,1,-25.06,1.99,357,5,steamroller_bsl,1,1
1492,2025.01.06 05:17:30,EURUSD,BUY,1,1.03149,1.03093,0.00056,4.2155,-0.00001,0.00013,17.64,1.03150,2.8601,4,5,1,0.6200,0.6536,50,-3e-05,-3.28,-0.628571,1,2.8601,1.515,0.0,0.3,4.3331,2025.01.06 08:02:30,10.08,BASKET_TP,1,0,-1.72,10.08,33,5,winner,0,0
1493,2025.01.06 10:25:42,EURUSD,BUY,1,1.03477,1.03284,0.00193,4.1742,-0.00005,0.00046,26.79,1.03477,3.0454,4,10,1,0.6400,0.7122,50,-4e-05,9.15,2.538462,2,3.0454,45.846,23.226923,0.8,139.6193,2025.01.06 11:12:25,10.11,BASKET_TP,1,0,-2.86,10.11,9,4,winner,0,0
1494,2025.01.06 13:45:34,EURUSD,BUY,1,1.04131,1.03697,0.00434,5.3722,-0.00003,0.00081,26.10,1.04146,4.5414,4,13,1,0.6400,0.7123,50,2e-05,-0.69,0.76087,3,4.5414,10.444,0.0,0.6,47.4306,2025.01.07 07:19:26,10.06,BASKET_TP,1,0,-18.84,10.06,175,5,winner,0,0
1495,2025.01.07 08:20:06,EURUSD,BUY,1,1.04094,1.03959,0.00135,2.3153,-0.00004,0.00058,29.84,1.04102,1.5151,4,8,2,0.6400,0.7124,50,-1e-05,3.74,-0.283951,4,1.5151,9.9588,0.0,0.4,15.0885,2025.01.08 07:41:37,-25.11,BASKET_SL,0,1,-25.11,3.05,270,5,steamroller_bsl,1,1
1496,2025.01.08 13:23:39,EURUSD,SELL,1,1.02907,1.03158,-0.00250,-3.6511,-0.00001,0.00069,18.41,1.02922,-2.5044,4,13,3,0.6200,0.6539,50,3e-05,-11.43,0.189655,1,2.5044,3.3227,0.0,0.3,8.3212,2025.01.10 13:30:28,10.47,BASKET_TP,1,0,-5.88,10.47,578,3,winner,0,0
1497,2025.01.10 15:20:24,EURUSD,SELL,1,1.02612,1.02838,-0.00226,-2.0755,0.00005,0.00109,18.86,1.02595,-1.2161,4,15,5,0.6200,0.6548,50,6e-05,0.45,0.57971,2,1.2161,8.6011,0.26087,1.2,10.4598,2025.01.15 13:32:37,-25.11,BASKET_SL,0,1,-25.11,9.30,842,4,steamroller_bsl,1,1
1498,2025.01.15 15:03:34,EURUSD,BUY,1,1.03284,1.03125,0.00159,1.9901,-0.00002,0.00080,16.13,1.03275,0.3352,4,15,3,0.6000,0.6021,50,-7e-05,-2.73,-0.266055,1,0.3352,1.2838,0.0,0.7,0.4303,2025.01.20 11:14:38,10.04,BASKET_TP,1,0,-13.76,10.04,818,4,winner,0,0
1499,2025.01.20 12:28:02,EURUSD,BUY,1,1.03199,1.03105,0.00094,2.9572,-0.00002,0.00032,17.65,1.03206,1.9081,4,12,1,0.6000,0.6022,50,0.0,1.52,-0.6,2,1.9081,4.517,0.0,0.0,8.6189,2025.01.20 13:30:40,10.05,BASKET_TP,1,0,-1.56,10.05,13,3,winner,0,0
1500,2025.01.20 15:41:37,EURUSD,BUY,1,1.04023,1.03507,0.00516,3.8306,-0.00004,0.00135,18.52,1.04045,3.0519,4,15,1,0.6000,0.6021,50,-2e-05,0.87,3.21875,3,3.0519,36.3905,2.800313,0.6,111.0601,2025.01.20 17:39:34,10.13,BASKET_TP,1,0,-8.23,10.13,23,4,winner,0,0
1501,2025.01.20 22:01:59,EURUSD,BUY,1,1.04135,1.03932,0.00204,7.4861,-0.00000,0.00027,21.15,1.04139,3.5423,15,22,1,0.6000,0.6013,50,4e-05,2.63,-0.8,4,3.5423,8.5456,0.0,1.6,30.271,2025.01.21 09:40:05,-25.10,BASKET_SL,0,1,-25.10,3.00,140,5,steamroller_bsl,1,1
1502,2025.01.21 11:51:03,EURUSD,SELL,1,1.03513,1.03660,-0.00147,-3.7602,0.00003,0.00039,17.71,1.03511,-2.7722,4,11,2,0.6000,0.6013,50,3e-05,-3.44,0.444444,1,2.7722,5.9375,0.0,0.3,16.4599,2025.01.21 16:28:35,-25.00,BASKET_SL,0,1,-25.00,0.92,55,5,steamroller_bsl,1,1
1503,2025.01.21 19:24:04,EURUSD,BUY,1,1.04263,1.04021,0.00242,7.5352,-0.00001,0.00032,23.66,1.04259,6.2154,4,19,2,0.6000,0.6013,50,-4e-05,5.95,-0.179487,1,6.2154,14.3538,0.0,0.4,89.2149,2025.01.22 09:44:25,10.13,BASKET_TP,1,0,-11.37,10.13,172,5,winner,0,0
1504,2025.01.22 13:27:04,EURUSD,BUY,1,1.04401,1.04322,0.00079,1.9790,-0.00000,0.00040,24.21,1.04400,0.9628,4,13,3,0.6200,0.6543,50,1e-05,0.55,0.25,2,0.9628,4.9407,0.1375,0.2,4.7569,2025.01.23 16:12:02,-25.05,BASKET_SL,0,1,-25.05,1.69,321,5,steamroller_bsl,1,1
1505,2025.01.23 16:25:00,EURUSD,SELL,1,1.04016,1.04045,-0.00030,-0.3643,0.00011,0.00082,28.84,1.04016,0.8149,4,16,4,0.6200,0.6544,50,0.00011,4.63,1.05,1,0.8149,21.5637,4.8615,1.1,17.5723,2025.01.24 15:03:34,-25.01,BASKET_SL,0,1,-25.01,1.42,271,5,steamroller_bsl,1,1
1506,2025.01.24 18:02:38,EURUSD,BUY,1,1.05126,1.04941,0.00185,5.4543,-0.00002,0.00034,17.39,1.05129,4.1486,4,18,5,0.6000,0.6018,50,-0.00013,-11.45,-0.585366,1,4.1486,2.8372,0.0,1.3,11.7702,2025.01.27 12:54:03,10.00,BASKET_TP,1,0,-23.00,10.00,226,5,winner,0,1
1507,2025.01.27 13:24:35,EURUSD,BUY,1,1.05168,1.04945,0.00222,3.5610,0.00001,0.00062,22.49,1.05172,2.6381,5,13,1,0.6000,0.6017,50,3e-05,5.1,0.823529,2,2.6381,20.3948,4.2,0.6,53.8036,2025.01.27 23:27:41,-25.04,BASKET_SL,0,1,-25.04,1.72,121,4,steamroller_bsl,1,1
1508,2025.01.28 01:31:52,EURUSD,SELL,1,1.04518,1.04724,-0.00207,-4.7143,0.00004,0.00044,23.58,1.04518,-3.7018,4,1,2,0.6000,0.6017,50,3e-05,1.09,-0.290323,1,3.7018,3.9054,0.0,0.3,14.4572,2025.02.02 22:01:00,18.53,BASKET_TP,1,0,-1.17,18.53,1110,1,winner,0,0
1509,2025.02.03 05:01:35,EURUSD,SELL,1,1.02250,1.02580,-0.00329,-6.8694,0.00002,0.00048,26.22,1.02241,-5.9792,4,5,1,0.6000,0.6187,50,-2e-05,2.64,0.090909,2,5.9792,8.8839,0.24,0.4,53.1186,2025.02.03 08:00:37,10.09,BASKET_TP,1,0,-6.51,10.09,36,5,winner,0,0
1510,2025.02.03 08:55:22,EURUSD,SELL,1,1.02378,1.02459,-0.00081,-0.9785,0.00005,0.00083,29.70,1.02359,-0.2102,4,8,1,0.6000,0.6188,50,3e-05,3.48,0.729167,3,0.2102,16.1042,2.5375,0.9,3.3851,2025.02.04 09:00:20,-25.05,BASKET_SL,0,1,-25.05,6.75,289,5,steamroller_bsl,1,1
1511,2025.02.04 10:31:26,EURUSD,BUY,1,1.03374,1.03203,0.00170,4.0833,-0.00002,0.00042,26.31,1.03377,3.1309,4,10,2,0.6000,0.6191,50,-7e-05,-3.39,-0.493976,1,3.1309,1.9827,0.0,0.7,6.2077,2025.02.04 14:12:40,10.11,BASKET_TP,1,0,-3.09,10.11,44,4,winner,0,0
1512,2025.02.04 21:22:41,EURUSD,BUY,1,1.03823,1.03696,0.00126,6.3629,-0.00002,0.00020,19.70,1.03822,4.7102,4,21,2,0.6200,0.6728,50,0.0,-6.61,-0.52381,2,4.7102,2.1776,0.0,0.0,10.2567,2025.02.05 07:26:20,10.11,BASKET_TP,1,0,-2.30,10.11,121,4,winner,0,0
1513,2025.02.05 08:37:38,EURUSD,BUY,1,1.03968,1.03856,0.00112,2.1386,-0.00002,0.00052,28.30,1.03968,0.9474,4,8,3,0.6200,0.6730,50,0.0,8.6,1.6,3,0.9474,34.9368,13.76,0.0,33.0992,2025.02.06 18:45:43,10.02,BASKET_TP,1,0,-4.83,10.02,410,5,winner,0,0
1514,2025.02.06 21:55:00,EURUSD,BUY,1,1.03857,1.03800,0.00057,3.4507,-0.00002,0.00017,25.54,1.03861,2.1157,5,21,4,0.6200,0.6730,50,0.0,-2.76,-0.673077,4,2.1157,2.5289,0.0,0.0,5.3504,2025.02.07 13:30:05,10.27,BASKET_TP,1,0,-6.23,10.27,187,5,winner,0,0
1515,2025.02.07 14:29:34,EURUSD,SELL,1,1.03709,1.03786,-0.00077,-0.6136,0.00003,0.00125,15.44,1.03721,0.2749,4,14,5,0.6200,0.6735,50,5e-05,-10.1,6.352941,1,0.2749,64.5981,0.0,0.5,17.758,2025.02.13 13:30:38,10.08,BASKET_TP,1,0,-9.24,10.08,1141,4,winner,0,0
1516,2025.02.13 13:37:54,EURUSD,SELL,1,1.03954,1.04098,-0.00144,-2.4576,0.00001,0.00059,24.53,1.03954,-1.4325,4,13,4,0.6200,0.6736,50,-2e-05,9.09,-0.528,2,1.4325,19.7381,0.0,0.4,28.2749,2025.02.13 18:41:40,10.10,BASKET_TP,1,0,-16.15,10.10,61,5,winner,0,0
1517,2025.02.13 18:45:00,EURUSD,BUY,1,1.04233,1.04187,0.00046,0.5454,-0.00024,0.00084,26.18,1.04233,-1.8780,4,18,4,0.6200,0.6738,50,-0.00025,1.65,0.423729,1,1.878,11.0068,0.699153,2.5,20.6707,2025.02.13 19:16:50,10.02,BASKET_TP,1,0,-3.51,10.02,6,3,winner,0,0
1518,2025.02.13 23:34:02,EURUSD,BUY,1,1.04638,1.04451,0.00187,9.0891,-0.00000,0.00021,19.71,1.04639,7.9354,5,23,4,0.6200,0.6738,50,0.00024,-6.47,-0.75,2,7.9354,5.3838,0.0,4.8,42.723,2025.02.14 08:20:37,10.03,BASKET_TP,1,0,-5.42,10.03,106,5,winner,0,0
1519,2025.02.14 10:29:59,EURUSD,BUY,1,1.04790,1.04674,0.00116,3.3368,0.00001,0.00035,22.35,1.04790,2.1311,4,10,5,0.6400,0.7333,50,1e-05,2.64,0.666667,3,2.1311,14.0794,1.76,0.3,30.0047,2025.02.14 13:30:36,10.04,BASKET_TP,1,0,-4.92,10.04,37,4,winner,0,0
1520,2025.02.14 16:48:59,EURUSD,BUY,1,1.05026,1.04868,0.00158,4.2815,-0.00003,0.00037,20.93,1.05029,2.9063,4,16,5,0.6400,0.7333,50,-4e-05,-1.42,0.057143,4,2.9063,3.698,0.0,1.6,10.7475,2025.02.18 18:09:23,-25.10,BASKET_SL,0,1,-25.10,2.16,592,5,steamroller_bsl,1,1
1521,2025.02.18 19:24:15,EURUSD,SELL,1,1.04429,1.04511,-0.00082,-2.9753,0.00001,0.00027,25.27,1.04431,-1.7524,4,19,2,0.6400,0.7332,50,4e-05,4.34,-0.27027,1,1.7524,10.0181,0.0,0.4,17.5557,2025.02.21 16:23:26,10.04,BASKET_TP,1,0,-17.11,10.04,828,5,winner,0,0
1522,2025.02.21 17:42:35,EURUSD,SELL,1,1.04564,1.04667,-0.00103,-3.0277,-0.00000,0.00034,21.68,1.04559,-2.0499,2,17,5,0.6600,0.7998,50,-1e-05,-3.59,0.259259,2,2.0499,4.2051,0.0,0.2,8.62,2025.02.24 14:48:35,10.02,BASKET_TP,1,0,-19.53,10.02,253,5,winner,0,0
1523,2025.02.24 15:09:20,EURUSD,SELL,1,1.04636,1.04749,-0.00113,-2.7063,-0.00000,0.00042,24.07,1.04636,-1.7251,1,15,1,0.6600,0.7991,50,0.0,2.39,0.235294,3,1.7251,9.0642,0.562353,0.0,15.6367,2025.02.27 04:38:34,10.00,BASKET_TP,1,0,-24.10,10.00,738,5,winner,0,1
1524,2025.02.27 06:02:39,EURUSD,SELL,1,1.04645,1.04742,-0.00097,-4.2788,0.00001,0.00023,21.12,1.04642,-3.3955,2,6,4,0.6600,0.7991,50,1e-05,-2.95,-0.452381,4,3.3955,2.9489,0.0,0.4,10.0129,2025.02.27 13:46:36,10.01,BASKET_TP,1,0,-9.39,10.01,93,5,winner,0,0
1525,2025.02.27 18:20:39,EURUSD,SELL,1,1.04105,1.04347,-0.00242,-6.6270,0.00003,0.00036,23.79,1.04098,-5.7290,2,18,4,0.6800,0.8739,50,2e-05,2.67,0.565217,5,5.729,15.1244,1.50913,1.0,86.6478,2025.02.28 18:22:03,10.01,BASKET_TP,1,0,-0.89,10.01,288,2,winner,0,0
1526,2025.02.28 20:55:28,EURUSD,SELL,1,1.03700,1.03869,-0.00170,-5.4384,0.00002,0.00031,28.07,1.03694,-4.4995,2,20,5,0.6800,0.8737,50,-1e-05,4.28,-0.138889,6,4.4995,12.7849,0.0,0.6,57.5255,2025.03.03 10:16:30,-25.16,BASKET_SL,0,1,-25.16,1.54,160,5,steamroller_bsl,1,1
1527,2025.03.03 17:33:21,EURUSD,BUY,1,1.04928,1.04697,0.00232,6.3761,-0.00003,0.00036,22.81,1.04933,5.1807,2,17,1,0.6600,0.7987,50,-5e-05,-5.26,0.16129,1,5.1807,3.9081,0.0,0.5,20.2466,2025.03.04 07:50:29,10.02,BASKET_TP,1,0,-6.48,10.02,172,5,winner,0,0
1528,2025.03.04 10:00:40,EURUSD,BUY,1,1.05135,1.04958,0.00177,3.1506,-0.00002,0.00056,20.98,1.05138,2.2965,1,10,2,0.6600,0.7987,50,1e-05,-1.83,0.555556,2,2.2965,7.2297,0.0,0.2,16.603,2025.03.04 12:54:39,10.01,BASKET_TP,1,0,-0.79,10.01,34,2,winner,0,0
1529,2025.03.04 14:15:24,EURUSD,BUY,1,1.05408,1.05211,0.00197,3.0522,-0.00005,0.00065,23.64,1.05408,2.0953,1,14,2,0.6800,0.8740,50,-3e-05,2.66,0.160714,3,2.0953,9.251,0.4275,0.9,19.3836,2025.03.04 17:56:33,10.03,BASKET_TP,1,0,-13.12,10.03,44,5,winner,0,0
1530,2025.03.05 00:00:38,EURUSD,BUY,1,1.06237,1.05935,0.00302,6.6993,-0.00000,0.00045,19.57,1.06230,5.8288,2,0,3,0.6800,0.8740,50,5e-05,-4.07,-0.307692,4,5.8288,3.9572,0.0,2.0,23.0657,2025.03.05 06:02:35,10.04,BASKET_TP,1,0,-5.96,10.04,72,5,winner,0,0
1531,2025.03.05 10:26:21,EURUSD,BUY,1,1.07005,1.06577,0.00428,6.0309,-0.00005,0.00071,29.90,1.07003,4.8580,1,10,3,0.7000,0.9591,50,-5e-05,10.33,0.577778,5,4.858,30.6523,5.968444,2.5,148.9088,2025.03.05 14:05:40,10.02,BASKET_TP,1,0,-2.38,10.02,44,2,winner,0,0
1532,2025.03.05 18:35:28,EURUSD,BUY,1,1.07764,1.07406,0.00358,5.6997,-0.00005,0.00063,22.45,1.07764,4.6606,2,18,3,0.7000,0.9590,50,0.0,-7.45,-0.112676,6,4.6606,4.1651,0.0,0.0,19.4121,2025.03.07 09:14:40,10.00,BASKET_TP,1,0,-0.63,10.00,463,1,winner,0,0
1533,2025.03.07 11:04:34,EURUSD,BUY,1,1.08605,1.08351,0.00254,5.4026,-0.00000,0.00047,17.74,1.08607,4.4105,1,11,5,0.7000,0.9590,50,5e-05,-4.71,-0.253968,7,4.4105,5.1026,0.0,3.5,22.5051,2025.03.07 13:30:39,10.05,BASKET_TP,1,0,-3.03,10.05,30,4,winner,0,0
1534,2025.03.07 14:58:38,EURUSD,BUY,1,1.08618,1.08485,0.00133,1.1664,-0.00002,0.00114,25.96,1.08630,0.2091,1,14,5,0.7000,0.9591,50,-2e-05,8.22,1.425532,8,0.2091,34.9476,11.717872,1.6,7.3075,2025.03.10 11:49:19,10.06,BASKET_TP,1,0,-8.18,10.06,250,4,winner,0,0
1535,2025.03.10 12:49:38,EURUSD,BUY,1,1.08521,1.08443,0.00078,1.1010,0.00002,0.00070,25.76,1.08524,0.1997,1,12,1,0.7000,0.9592,50,4e-05,-0.2,-0.385965,9,0.1997,4.9499,0.0,3.6,0.9885,2025.03.11 07:43:28,10.00,BASKET_TP,1,0,-5.02,10.00,227,2,winner,0,0
1536,2025.03.11 10:07:36,EURUSD,BUY,1,1.09037,1.08757,0.00280,3.5414,-0.00006,0.00079,24.85,1.09044,2.6232,1,10,2,0.7200,1.0561,50,-8e-05,-0.91,0.128571,10,2.6232,7.7415,0.0,8.0,20.3075,2025.03.11 18:12:30,10.00,BASKET_TP,1,0,-2.28,10.00,97,2,winner,0,0
1537,2025.03.11 18:51:40,EURUSD,BUY,1,1.09349,1.09176,0.00173,3.2545,-0.00000,0.00053,25.66,1.09356,2.4099,2,18,2,0.7400,1.1682,50,6e-05,0.81,-0.329114,11,2.4099,8.3225,0.0,6.6,20.0563,2025.03.13 06:43:37,-25.04,BASKET_SL,0,1,-25.04,5.51,430,5,steamroller_bsl,1,1
1538,2025.03.13 07:16:37,EURUSD,SELL,1,1.08796,1.08859,-0.00063,-1.4389,0.00002,0.00044,16.51,1.08797,-0.5568,2,7,4,0.7400,1.1683,50,2e-05,-9.15,-0.169811,1,0.5568,0.8392,0.0,0.2,0.4673,2025.03.19 07:36:54,10.07,BASKET_TP,1,0,-22.48,10.07,1144,5,winner,0,1
1539,2025.03.19 09:52:40,EURUSD,SELL,1,1.09034,1.09179,-0.00145,-2.6905,0.00001,0.00054,16.02,1.09035,-1.6503,1,9,3,0.7400,1.1685,50,-1e-05,-0.49,0.227273,2,1.6503,3.7853,0.0,0.2,6.2469,2025.03.19 17:36:43,10.01,BASKET_TP,1,0,-1.23,10.01,93,2,winner,0,0
1540,2025.03.19 18:15:00,EURUSD,SELL,1,1.08785,1.08909,-0.00124,-1.7953,0.00011,0.00069,29.95,1.08785,-0.4739,2,18,3,0.7600,1.2994,50,0.0001,13.93,0.277778,3,0.4739,33.2563,3.869444,3.0,15.7601,2025.03.20 07:34:52,10.01,BASKET_TP,1,0,-8.94,10.01,159,5,winner,0,0
1541,2025.03.20 12:02:00,EURUSD,SELL,1,1.08467,1.08683,-0.00216,-4.1240,0.00003,0.00052,19.81,1.08467,-2.8878,1,12,4,0.7600,1.2993,50,-8e-05,-10.14,-0.246377,4,2.8878,3.5219,0.0,3.2,10.1707,2025.03.26 17:34:36,10.00,BASKET_TP,1,0,-0.86,10.00,1206,1,winner,0,0
1542,2025.03.26 23:22:14,EURUSD,SELL,1,1.07386,1.07545,-0.00159,-6.0377,-0.00001,0.00026,22.28,1.07387,-4.7485,11,23,3,0.7800,1.4536,50,-4e-05,2.47,-0.5,5,4.7485,9.0271,0.0,2.0,42.8653,2025.03.27 11:09:29,-25.00,BASKET_SL,0,1,-25.00,0.50,141,5,steamroller_bsl,1,1
1543,2025.03.27 12:56:59,EURUSD,BUY,1,1.07883,1.07770,0.00113,2.6733,-0.00001,0.00042,17.24,1.07879,1.3515,8,12,4,0.7600,1.2993,50,0.0,-5.04,0.615385,1,1.3515,6.9917,0.0,0.0,9.4493,2025.03.28 15:04:15,10.00,BASKET_TP,1,0,-3.44,10.00,313,2,winner,0,0
1544,2025.03.28 16:58:31,EURUSD,BUY,1,1.08261,1.08066,0.00195,3.7020,-0.00004,0.00053,20.09,1.08263,2.5211,10,16,5,0.7600,1.2989,50,-3e-05,2.85,0.261905,2,2.5211,10.2493,0.746429,0.6,25.8396,2025.03.31 08:07:41,10.03,BASKET_TP,1,0,-3.17,10.03,170,3,winner,0,0
1545,2025.03.31 08:18:17,EURUSD,BUY,1,1.08351,1.08324,0.00027,0.4298,-0.00004,0.00062,18.75,1.08363,-0.4557,8,8,1,0.7600,1.2988,50,0.0,-1.34,0.169811,3,0.4557,3.312,0.0,0.0,1.5093,2025.04.02 15:43:02,10.04,BASKET_TP,1,0,-20.06,10.04,665,5,winner,0,1
1546,2025.04.02 19:06:45,EURUSD,BUY,1,1.08536,1.08338,0.00198,5.4968,-0.00003,0.00036,23.97,1.08539,4.3080,8,19,3,0.7800,1.4536,50,1e-05,5.22,-0.419355,4,4.308,13.617,0.0,0.4,58.662,2025.04.02 21:13:27,10.28,BASKET_TP,1,0,-5.12,10.28,25,5,winner,0,0
1547,2025.04.02 21:26:58,EURUSD,BUY,1,1.08623,1.08441,0.00182,1.4217,0.00026,0.00128,19.39,1.08603,0.3613,8,21,3,0.7800,1.4529,50,0.00029,-4.58,2.555556,5,0.3613,31.0459,0.0,14.5,11.2169,2025.04.02 21:58:38,10.04,BASKET_TP,1,0,-9.20,10.04,6,4,winner,0,0
1548,2025.04.02 22:23:59,EURUSD,BUY,1,1.08427,1.08416,0.00011,0.0408,-0.00017,0.00271,16.84,1.08475,-0.8880,15,22,3,0.8000,1.6386,50,-0.00043,-2.55,1.117188,6,0.888,18.6939,0.0,25.8,16.6002,2025.04.03 02:31:58,10.00,BASKET_TP,1,0,-1.46,10.00,50,1,winner,0,0
1549,2025.04.03 05:09:30,EURUSD,BUY,1,1.09136,1.08861,0.00275,5.8937,-0.00001,0.00047,18.51,1.09136,4.7370,10,5,4,0.8000,1.6384,50,0.00016,1.67,-0.826568,7,4.737,9.6243,0.0,11.2,45.5901,2025.04.03 09:39:42,10.01,BASKET_TP,1,0,-0.39,10.01,54,1,winner,0,0
1550,2025.04.03 14:33:19,EURUSD,BUY,1,1.10937,1.10318,0.00620,4.0921,0.00000,0.00151,24.25,1.10949,3.2061,8,14,4,0.8000,1.6382,50,1e-05,5.74,2.212766,8,3.2061,38.5092,12.701277,0.8,123.4643,2025.04.04 04:39:27,10.06,BASKET_TP,1,0,-18.22,10.06,169,4,winner,0,0
1551,2025.04.04 06:50:00,EURUSD,BUY,1,1.10880,1.10707,0.00173,3.0703,-0.00010,0.00056,29.74,1.10890,1.5121,8,6,5,0.8000,1.6380,50,-0.0001,5.49,-0.629139,9,1.5121,16.858,0.0,9.0,25.491,2025.04.04 08:43:44,-25.12,BASKET_SL,0,1,-25.12,0.54,22,5,steamroller_bsl,1,1
1552,2025.04.04 11:56:30,EURUSD,SELL,1,1.10139,1.10317,-0.00178,-1.3152,0.00011,0.00135,27.98,1.10119,-0.4607,8,11,5,0.8000,1.6378,50,0.00021,-1.76,1.410714,1,0.4607,16.8223,0.0,2.1,7.75,2025.04.04 14:59:40,10.04,BASKET_TP,1,0,-15.19,10.04,36,3,winner,0,0
1553,2025.04.04 16:53:40,EURUSD,SELL,1,1.09957,1.10195,-0.00237,-1.6147,0.00009,0.00147,19.33,1.09940,-0.7869,8,16,5,0.8200,1.8639,50,-2e-05,-8.65,0.088889,2,0.7869,2.2856,0.0,0.4,1.7985,2025.04.06 22:00:00,11.69,BASKET_TP,1,0,-1.21,11.69,62,1,winner,0,0
1554,2025.04.06 23:01:56,EURUSD,SELL,1,1.09143,1.09551,-0.00408,-3.0982,-0.00001,0.00132,29.83,1.09150,-2.1553,8,23,0,0.8200,1.8708,50,-0.0001,10.5,-0.102041,3,2.1553,24.0388,0.0,3.0,51.8109,2025.04.07 00:14:15,-25.01,BASKET_SL,0,1,-25.01,1.79,14,5,steamroller_bsl,1,1
1555,2025.04.07 03:07:56,EURUSD,BUY,1,1.09658,1.09645,0.00012,0.1379,-0.00006,0.00088,19.28,1.09678,-0.7453,8,3,1,0.8200,1.8711,50,-5e-05,-10.55,-0.333333,1,0.7453,1.1863,0.0,0.5,0.8842,2025.04.08 07:10:37,10.00,BASKET_TP,1,0,-5.79,10.00,337,3,winner,0,0
1556,2025.04.08 08:19:39,EURUSD,BUY,1,1.09759,1.09602,0.00157,2.0310,0.00001,0.00077,28.58,1.09748,0.7771,8,8,2,0.8400,2.1543,50,7e-05,9.3,-0.125,2,0.7771,20.4943,0.0,1.4,15.9261,2025.04.08 15:24:38,-25.00,BASKET_SL,0,1,-25.00,8.20,85,5,steamroller_bsl,1,1
1557,2025.04.08 17:41:04,EURUSD,SELL,1,1.09119,1.09270,-0.00151,-2.2520,0.00004,0.00067,23.29,1.09108,-1.2492,9,17,2,0.8200,1.8712,50,3e-05,-5.29,-0.12987,1,1.2492,1.1123,0.0,0.3,1.3895,2025.04.09 01:28:36,-25.01,BASKET_SL,0,1,-25.01,1.59,93,4,steamroller_bsl,1,1
1558,2025.04.09 03:43:37,EURUSD,BUY,1,1.10173,1.09836,0.00337,4.6188,-0.00004,0.00073,23.10,1.10185,3.6343,8,3,3,0.8200,1.8714,50,-8e-05,-0.19,0.089552,1,3.6343,3.1041,0.0,0.8,11.2812,2025.04.09 11:10:40,10.01,BASKET_TP,1,0,-1.93,10.01,90,2,winner,0,0
1559,2025.04.09 11:23:27,EURUSD,BUY,1,1.10368,1.10299,0.00069,0.8245,0.00003,0.00084,26.77,1.10374,-0.2358,8,11,3,0.8200,1.8337,50,7e-05,3.67,0.150685,2,0.2358,10.6058,0.553014,1.4,2.5008,2025.04.10 08:40:36,10.05,BASKET_TP,1,0,-15.25,10.05,256,5,winner,0,0
1560,2025.04.11 06:01:26,EURUSD,BUY,1,1.13212,1.12784,0.00428,5.7499,0.00001,0.00074,25.22,1.13203,4.2944,10,6,5,0.8200,1.8335,50,-2e-05,-1.55,-0.119048,3,4.2944,2.7736,0.0,0.6,11.9109,2025.04.11 08:04:37,10.02,BASKET_TP,1,0,-23.98,10.02,24,5,winner,0,1
1561,2025.04.11 11:00:29,EURUSD,BUY,1,1.13953,1.13344,0.00610,3.3948,-0.00012,0.00180,20.56,1.13938,1.8784,8,11,5,0.8400,2.1126,50,-0.00013,-4.66,1.432432,4,1.8784,18.0939,0.0,5.2,33.9876,2025.04.11 14:11:28,10.02,BASKET_TP,1,0,-7.36,10.02,38,2,winner,0,0
1562,2025.04.11 14:50:00,EURUSD,BUY,1,1.13692,1.13510,0.00182,0.7547,-0.00040,0.00241,28.42,1.13733,-0.6782,8,14,5,0.8400,2.1122,50,-0.00028,7.86,0.338889,5,0.6782,24.5784,2.663667,14.0,16.6691,2025.04.14 01:08:38,10.05,BASKET_TP,1,0,-11.75,10.05,123,3,winner,0,0
1563,2025.04.14 04:00:00,EURUSD,BUY,1,1.13805,1.13565,0.00241,3.0265,-0.00011,0.00080,25.74,1.13805,1.8906,9,4,1,0.8400,2.1119,50,0.00029,-2.68,-0.66805,6,1.8906,6.3727,0.0,17.4,12.0481,2025.04.14 07:08:30,10.04,BASKET_TP,1,0,-3.58,10.04,37,3,winner,0,0
1564,2025.04.14 08:32:39,EURUSD,BUY,1,1.14019,1.13773,0.00245,2.2038,-0.00004,0.00111,28.82,1.14031,1.1647,8,8,1,0.8400,2.1120,50,7e-05,3.08,0.3875,7,1.1647,14.5262,1.1935,4.9,16.9186,2025.04.14 14:10:41,-25.00,BASKET_SL,0,1,-25.00,4.07,68,3,steamroller_bsl,1,1
1565,2025.04.14 17:13:37,EURUSD,SELL,1,1.13611,1.13639,-0.00028,-0.2812,0.00004,0.00099,24.02,1.13595,0.5509,8,17,1,0.8200,1.8322,50,8e-05,-4.8,-0.108108,1,0.5509,1.4377,0.0,0.8,0.792,2025.04.15 17:34:33,10.02,BASKET_TP,1,0,-0.99,10.02,292,1,winner,0,0
1566,2025.04.15 20:06:32,EURUSD,SELL,1,1.12737,1.12970,-0.00233,-5.4289,0.00004,0.00043,19.82,1.12731,-4.5500,10,20,2,0.8200,1.8319,50,0.0,-4.2,-0.565657,2,4.55,2.1375,0.0,0.0,9.7256,2025.04.16 04:28:16,-25.09,BASKET_SL,0,1,-25.09,1.26,100,5,steamroller_bsl,1,1
1567,2025.04.16 11:02:43,EURUSD,BUY,1,1.13644,1.13525,0.00118,1.3733,-0.00005,0.00086,16.50,1.13657,0.2893,8,11,3,0.8000,1.6082,50,-9e-05,-3.32,1.0,1,0.2893,11.4723,0.0,0.9,3.3189,2025.04.16 20:18:40,10.00,BASKET_TP,1,0,-2.12,10.00,111,2,winner,0,0
1568,2025.04.17 00:57:38,EURUSD,BUY,1,1.13995,1.13887,0.00108,3.0960,0.00001,0.00035,28.76,1.13998,1.8612,12,0,4,0.8000,1.6081,50,6e-05,12.26,-0.593023,2,1.8612,26.5853,0.0,1.2,49.4806,2025.04.17 13:20:27,-25.04,BASKET_SL,0,1,-25.04,0.05,149,5,steamroller_bsl,1,1
1569,2025.04.17 14:00:34,EURUSD,SELL,1,1.13557,1.13648,-0.00092,-0.8701,0.00000,0.00106,29.15,1.13557,-0.0801,8,14,4,0.7800,1.4256,50,-1e-05,0.39,2.028571,1,0.0801,21.6857,0.791143,0.1,1.737,2025.04.21 00:50:11,-25.03,BASKET_SL,0,1,-25.03,9.98,418,3,steamroller_bsl,1,1
1570,2025.04.21 10:54:33,EURUSD,BUY,1,1.15546,1.15194,0.00352,4.7715,-0.00005,0.00074,27.21,1.15562,3.9148,8,10,1,0.7600,1.2735,50,-5e-05,-1.94,-0.301887,1,3.9148,1.9787,0.0,0.5,7.7462,2025.04.21 16:08:43,-25.03,BASKET_SL,0,1,-25.03,7.22,63,5,steamroller_bsl,1,1
1571,2025.04.21 17:53:17,EURUSD,SELL,1,1.15045,1.15137,-0.00092,-1.7007,0.00001,0.00054,26.91,1.15033,-0.7901,8,17,1,0.7600,1.2737,50,6e-05,-0.3,-0.27027,1,0.7901,1.2975,0.0,0.6,1.0252,2025.04.22 13:01:26,10.00,BASKET_TP,1,0,-9.65,10.00,230,3,winner,0,0
1572,2025.04.22 14:48:40,EURUSD,SELL,1,1.14687,1.14905,-0.00218,-3.4773,-0.00004,0.00063,25.97,1.14693,-2.3963,11,14,2,0.7600,1.2736,50,-5e-05,-0.94,0.166667,2,2.3963,3.7657,0.0,1.0,9.0238,2025.04.22 17:20:29,10.05,BASKET_TP,1,0,-3.21,10.05,31,3,winner,0,0
1573,2025.04.23 01:10:00,EURUSD,SELL,1,1.13563,1.13991,-0.00428,-5.1169,0.00014,0.00084,23.50,1.13563,-3.6462,8,1,3,0.7600,1.2737,50,0.00018,-2.47,0.333333,3,3.6462,7.5449,0.0,5.4,27.5102,2025.04.23 10:18:37,-25.09,BASKET_SL,0,1,-25.09,5.46,109,5,steamroller_bsl,1,1
1574,2025.04.23 14:28:05,EURUSD,BUY,1,1.14064,1.14028,0.00036,0.6266,-0.00001,0.00058,13.01,1.14073,-0.8118,8,14,3,0.7400,1.1449,50,-0.00015,-10.49,-0.309524,1,0.8118,2.2029,0.0,1.5,1.7884,2025.04.23 22:03:07,-25.00,BASKET_SL,0,1,-25.00,2.69,91,3,steamroller_bsl,1,1
1575,2025.04.23 23:00:17,EURUSD,SELL,1,1.13167,1.13369,-0.00202,-6.2846,0.00001,0.00032,17.99,1.13166,-5.1404,14,23,3,0.7200,1.0347,50,2e-05,4.98,-0.448276,1,5.1404,11.9451,0.0,0.2,61.4026,2025.04.24 08:54:37,-25.02,BASKET_SL,0,1,-25.02,2.98,118,5,steamroller_bsl,1,1
1576,2025.04.24 11:58:13,EURUSD,BUY,1,1.13844,1.13660,0.00184,3.5558,-0.00000,0.00052,21.63,1.13838,2.3581,9,11,4,0.7000,0.9391,50,-1e-05,3.64,0.625,1,2.3581,14.7195,2.275,0.1,34.7101,2025.04.24 20:28:30,10.02,BASKET_TP,1,0,-11.23,10.02,102,5,winner,0,0
1577,2025.04.24 21:59:37,EURUSD,BUY,1,1.13895,1.13776,0.00119,3.4784,0.00004,0.00034,29.29,1.13895,1.8215,19,21,4,0.7200,1.0351,50,4e-05,7.66,-0.346154,2,1.8215,17.1754,0.0,0.8,31.2849,2025.04.25 05:04:35,-25.01,BASKET_SL,0,1,-25.01,0.53,85,4,steamroller_bsl,1,1
1578,2025.04.25 06:07:34,EURUSD,SELL,1,1.13335,1.13520,-0.00185,-4.0952,0.00003,0.00045,28.81,1.13325,-3.0682,11,6,5,0.7000,0.9395,50,-1e-05,-0.48,0.323529,1,3.0682,4.6023,0.0,0.1,14.1209,2025.04.28 15:40:05,-25.07,BASKET_SL,0,1,-25.07,9.48,403,5,steamroller_bsl,1,1
1579,2025.04.28 21:59:39,EURUSD,BUY,1,1.14201,1.13990,0.00212,6.9728,0.00003,0.00030,24.61,1.14197,4.8842,27,21,1,0.6800,0.8557,50,0.0,-4.2,-0.333333,1,4.8842,1.721,0.0,0.0,8.406,2025.04.30 02:57:15,-25.00,BASKET_SL,0,1,-25.00,4.15,348,5,steamroller_bsl,1,1
1580,2025.04.30 04:17:38,EURUSD,SELL,1,1.13719,1.13814,-0.00096,-3.0675,0.00003,0.00031,22.75,1.13719,-2.0589,8,4,3,0.6600,0.7819,50,0.0,-1.86,0.033333,1,2.0589,1.3481,0.0,0.0,2.7755,2025.04.30 10:58:59,10.07,BASKET_TP,1,0,-9.23,10.07,80,5,winner,0,0
1581,2025.04.30 12:22:36,EURUSD,SELL,1,1.13648,1.13728,-0.00080,-2.0312,0.00001,0.00039,19.35,1.13643,-1.2230,9,12,3,0.6600,0.7819,50,-2e-05,-3.4,0.258065,2,1.223,4.0864,0.0,0.4,4.9977,2025.04.30 15:04:39,10.11,BASKET_TP,1,0,-6.74,10.11,32,5,winner,0,0
1582,2025.04.30 15:51:02,EURUSD,SELL,1,1.13608,1.13691,-0.00083,-1.1692,-0.00012,0.00071,19.30,1.13623,0.1120,8,15,3,0.6600,0.7821,50,-0.00013,-0.05,0.820513,3,0.112,11.0331,0.0,3.9,1.2357,2025.04.30 21:08:59,10.01,BASKET_TP,1,0,-1.17,10.01,63,2,winner,0,0
1583,2025.04.30 23:00:35,EURUSD,SELL,1,1.13275,1.13429,-0.00154,-6.8945,-0.00002,0.00022,22.92,1.13280,-5.4513,15,23,3,0.6600,0.7822,50,0.0001,3.62,-0.690141,4,5.4513,11.6028,0.0,4.0,63.2505,2025.05.05 17:05:05,10.02,BASKET_TP,1,0,-12.26,10.02,792,4,winner,0,0
1584,2025.05.05 19:52:06,EURUSD,SELL,1,1.13038,1.13206,-0.00169,-6.7682,0.00001,0.00025,23.97,1.13039,-5.5921,11,19,1,0.6600,0.7821,50,3e-05,1.05,0.136364,5,5.5921,7.6617,0.143182,1.5,42.8448,2025.05.06 01:19:27,10.05,BASKET_TP,1,0,-4.90,10.05,65,5,winner,0,0
1585,2025.05.06 03:02:14,EURUSD,SELL,1,1.12914,1.13059,-0.00145,-2.6902,0.00002,0.00054,26.87,1.12912,-1.6531,10,3,2,0.6600,0.7821,50,1e-05,2.9,1.16,6,1.6531,20.9133,3.364,0.6,34.5717,2025.05.06 15:15:38,-25.01,BASKET_SL,0,1,-25.01,0.08,147,5,steamroller_bsl,1,1
1586,2025.05.06 16:07:54,EURUSD,BUY,1,1.13450,1.13333,0.00117,1.2923,-0.00006,0.00090,24.06,1.13458,0.2859,8,16,2,0.6400,0.7165,50,-8e-05,-2.81,0.666667,1,0.2859,8.0381,0.0,0.8,2.2981,2025.05.08 16:39:27,-25.10,BASKET_SL,0,1,-25.10,4.38,582,5,steamroller_bsl,1,1
1587,2025.05.08 20:50:40,EURUSD,SELL,1,1.12213,1.12500,-0.00287,-6.4403,0.00002,0.00044,23.46,1.12215,-5.5632,8,20,4,0.6200,0.6576,50,8e-05,-0.6,-0.511111,1,5.5632,2.6908,0.0,0.8,14.9695,2025.05.11 22:01:00,21.68,BASKET_TP,1,0,-13.20,21.68,302,5,winner,0,0
1588,2025.05.11 23:35:39,EURUSD,SELL,1,1.12240,1.12430,-0.00190,-3.4810,0.00002,0.00055,16.47,1.12234,-2.4346,8,23,0,0.6400,0.7423,50,0.0,-6.99,0.25,2,2.4346,4.1087,0.0,0.0,10.0029,2025.05.12 08:00:29,10.01,BASKET_TP,1,0,-2.17,10.01,101,3,winner,0,0
1589,2025.05.12 12:45:37,EURUSD,SELL,1,1.10968,1.11464,-0.00495,-6.1870,0.00006,0.00080,29.00,1.10954,-5.3301,9,12,1,0.6400,0.7422,50,4e-05,12.53,0.454545,3,5.3301,32.838,5.695455,1.2,175.0297,2025.05.12 17:54:16,10.04,BASKET_TP,1,0,-7.56,10.04,61,4,winner,0,0
1590,2025.05.12 21:00:37,EURUSD,SELL,1,1.10879,1.11011,-0.00132,-3.1309,0.00004,0.00042,28.09,1.10873,-2.1486,9,21,1,0.6400,0.7422,50,-2e-05,-0.91,-0.475,4,2.1486,2.7372,0.0,0.8,5.881,2025.05.13 15:41:26,-25.11,BASKET_SL,0,1,-25.11,0.87,224,5,steamroller_bsl,1,1
1591,2025.05.13 21:56:59,EURUSD,BUY,1,1.11881,1.11676,0.00205,8.1480,-0.00001,0.00025,23.83,1.11882,6.8439,12,21,2,0.6200,0.6820,50,-5e-05,-4.26,-0.404762,1,6.8439,2.711,0.0,0.5,18.5536,2025.05.14 09:03:18,10.04,BASKET_TP,1,0,-1.15,10.04,133,3,winner,0,0
1592,2025.05.14 12:51:25,EURUSD,BUY,1,1.12281,1.12176,0.00105,1.8642,-0.00005,0.00056,28.51,1.12285,0.7914,8,12,3,0.6200,0.6821,50,-4e-05,4.68,1.24,2,0.7914,23.3579,5.8032,0.8,18.4854,2025.05.16 15:39:39,-25.07,BASKET_SL,0,1,-25.07,8.68,609,5,steamroller_bsl,1,1
1593,2025.05.16 19:11:30,EURUSD,SELL,1,1.11435,1.11659,-0.00224,-7.2211,0.00001,0.00031,18.13,1.11429,-6.2585,9,19,5,0.6200,0.6820,50,6e-05,-10.38,-0.446429,1,6.2585,2.6646,0.0,0.6,16.6766,2025.05.19 07:32:03,-25.04,BASKET_SL,0,1,-25.04,3.04,148,5,steamroller_bsl,1,1
1594,2025.05.19 12:34:27,EURUSD,BUY,1,1.12723,1.12368,0.00355,6.0014,-0.00005,0.00059,17.18,1.12731,4.9579,8,12,1,0.6000,0.6279,50,-6e-05,-0.95,0.903226,1,4.9579,11.3717,0.0,0.6,56.3799,2025.05.20 08:42:02,10.08,BASKET_TP,1,0,-18.57,10.08,242,5,winner,0,0
1595,2025.05.20 10:39:02,EURUSD,BUY,1,1.12603,1.12534,0.00069,1.2210,-0.00003,0.00056,20.49,1.12603,0.1154,8,10,2,0.6000,0.6280,50,2e-05,3.31,-0.050847,2,0.1154,7.8488,0.0,0.4,0.9058,2025.05.20 21:19:13,10.04,BASKET_TP,1,0,-7.90,10.04,128,3,winner,0,0
1596,2025.05.21 07:02:15,EURUSD,BUY,1,1.13305,1.13106,0.00199,4.3810,0.00001,0.00045,12.15,1.13299,3.2113,8,7,3,0.6000,0.6280,50,4e-05,-8.34,-0.196429,3,3.2113,2.7028,0.0,1.2,8.6796,2025.05.21 11:15:35,10.00,BASKET_TP,1,0,-3.40,10.00,51,4,winner,0,0
1597,2025.05.21 18:39:28,EURUSD,BUY,1,1.13454,1.13365,0.00089,1.6699,-0.00001,0.00053,21.52,1.13459,0.7872,9,18,3,0.6000,0.6275,50,-2e-05,9.37,0.177778,4,0.7872,22.9146,1.665778,0.8,18.0384,2025.05.22 14:59:28,-25.02,BASKET_SL,0,1,-25.02,5.68,244,5,steamroller_bsl,1,1
1598,2025.05.22 20:25:00,EURUSD,SELL,1,1.12769,1.12844,-0.00075,-2.3924,0.00005,0.00031,28.86,1.12769,-0.9163,8,20,4,0.5800,0.5785,50,6e-05,7.34,-0.415094,1,0.9163,16.0091,0.0,0.6,14.6691,2025.05.23 12:23:00,-25.03,BASKET_SL,0,1,-25.03,1.28,191,3,steamroller_bsl,1,1
1599,2025.05.23 12:45:00,EURUSD,BUY,1,1.13490,1.13333,0.00157,1.5926,-0.00018,0.00099,28.74,1.13490,0.0525,8,12,5,0.5600,0.5341,50,-0.00023,-0.12,2.193548,1,0.0525,24.7486,0.0,2.3,1.2993,2025.05.23 13:41:19,10.01,BASKET_TP,1,0,-10.69,10.01,11,5,winner,0,0
1600,2025.05.23 15:08:42,EURUSD,SELL,1,1.13254,1.13295,-0.00041,-0.4686,-0.00006,0.00087,25.97,1.13252,0.4419,8,15,5,0.5600,0.5341,50,0.00012,-2.77,-0.121212,1,0.4419,1.8105,0.0,1.2,0.8,2025.05.27 08:38:00,13.02,BASKET_TP,1,0,-14.28,13.02,476,5,winner,0,0
1601,2025.05.27 12:20:37,EURUSD,SELL,1,1.13463,1.13627,-0.00164,-3.7724,-0.00001,0.00044,28.00,1.13471,-2.6003,9,12,2,0.5600,0.5395,50,5e-05,2.03,-0.494253,2,2.6003,6.2101,0.0,1.0,16.1481,2025.05.27 15:39:00,10.01,BASKET_TP,1,0,-7.84,10.01,39,5,winner,0,0
1602,2025.05.27 19:14:37,EURUSD,SELL,1,1.13327,1.13443,-0.00116,-4.4750,-0.00002,0.00026,16.28,1.13327,-3.4576,11,19,2,0.5800,0.5843,50,-1e-05,-11.72,-0.409091,3,3.4576,2.4644,0.0,0.3,8.5209,2025.05.28 16:52:28,10.03,BASKET_TP,1,0,-1.91,10.03,257,2,winner,0,0
1603,2025.05.28 18:27:36,EURUSD,SELL,1,1.12953,1.13066,-0.00113,-3.8009,0.00004,0.00030,18.44,1.12949,-2.3257,11,18,3,0.5800,0.5843,50,6e-05,2.16,0.153846,4,2.3257,9.0399,0.332308,2.4,21.0241,2025.05.30 09:59:18,10.08,BASKET_TP,1,0,-9.04,10.08,474,5,winner,0,0
1604,2025.05.30 11:13:38,EURUSD,SELL,1,1.13292,1.13416,-0.00125,-3.3612,-0.00003,0.00037,20.28,1.13296,-2.1094,8,11,5,0.5800,0.5812,50,-7e-05,1.84,0.233333,5,2.1094,9.7407,0.429333,3.5,20.547,2025.05.30 14:45:30,10.15,BASKET_TP,1,0,-8.30,10.15,43,5,winner,0,0
1605,2025.05.30 15:51:39,EURUSD,SELL,1,1.13305,1.13359,-0.00055,-0.6790,-0.00002,0.00081,18.55,1.13308,0.2946,8,15,5,0.6000,0.6305,50,1e-05,-1.73,1.189189,6,0.2946,15.0655,0.0,0.6,4.4383,2025.06.02 08:50:13,-25.02,BASKET_SL,0,1,-25.02,0.93,204,3,steamroller_bsl,1,1
1606,2025.06.02 11:55:38,EURUSD,BUY,1,1.14206,1.14018,0.00188,3.8318,-0.00004,0.00049,29.26,1.14206,2.6285,9,11,1,0.5800,0.5815,50,-2e-05,10.71,-0.395062,1,2.6285,22.7771,0.0,0.2,59.8697,2025.06.02 15:24:41,10.05,BASKET_TP,1,0,-2.04,10.05,41,3,winner,0,0
1607,2025.06.02 16:56:38,EURUSD,BUY,1,1.14323,1.14194,0.00129,2.5493,-0.00003,0.00051,19.06,1.14322,0.8974,9,16,1,0.6000,0.6306,50,1e-05,-10.2,0.040816,2,0.8974,1.7325,0.0,0.2,1.5548,2025.06.04 15:04:39,10.00,BASKET_TP,1,0,-21.00,10.00,553,5,winner,0,1
1608,2025.06.04 19:01:39,EURUSD,BUY,1,1.14267,1.14116,0.00152,4.4769,-0.00003,0.00034,25.73,1.14275,3.4381,11,19,3,0.6200,0.6847,50,0.0,6.67,-0.333333,3,3.4381,15.6995,0.0,0.0,53.9765,2025.06.05 13:30:18,10.02,BASKET_TP,1,0,-6.78,10.02,222,5,winner,0,0
1609,2025.06.05 13:57:02,EURUSD,BUY,1,1.14288,1.14208,0.00080,0.8755,0.00003,0.00091,26.52,1.14275,0.2882,8,13,4,0.6200,0.6847,50,6e-05,0.79,1.676471,4,0.2882,21.0168,1.324412,2.4,6.057,2025.06.05 14:20:59,10.00,BASKET_TP,1,0,-0.94,10.00,5,2,winner,0,0
1610,2025.06.05 15:46:38,EURUSD,BUY,1,1.14677,1.14391,0.00286,3.2545,-0.00002,0.00088,21.68,1.14688,2.2955,8,15,4,0.6200,0.6846,50,-5e-05,-4.84,-0.032967,5,2.2955,3.5739,0.0,2.5,8.2038,2025.06.06 14:21:25,-25.02,BASKET_SL,0,1,-25.02,3.94,271,4,steamroller_bsl,1,1
1611,2025.06.06 15:11:42,EURUSD,SELL,1,1.13953,1.14135,-0.00182,-2.0728,0.00003,0.00088,29.52,1.13949,-0.9597,8,15,5,0.6000,0.6304,50,5e-05,7.84,0.0,1,0.9597,16.9199,0.0,0.5,16.2381,2025.06.11 18:56:36,-25.00,BASKET_SL,0,1,-25.00,7.35,909,3,steamroller_bsl,1,1
1612,2025.06.11 19:18:34,EURUSD,BUY,1,1.14936,1.14713,0.00223,9.1469,0.00002,0.00024,21.56,1.14938,7.6994,12,19,3,0.5800,0.5814,50,-1e-05,-7.96,-0.727273,1,7.6994,2.5248,0.0,0.1,19.4398,2025.06.11 23:58:26,10.08,BASKET_TP,1,0,-3.77,10.08,56,5,winner,0,0
1613,2025.06.12 03:51:15,EURUSD,BUY,1,1.15146,1.15018,0.00128,3.8141,-0.00004,0.00034,28.07,1.15153,2.3254,10,3,4,0.5800,0.5815,50,-6e-05,6.51,0.416667,2,2.3254,19.368,2.7125,1.2,45.0384,2025.06.12 10:14:13,10.00,BASKET_TP,1,0,-0.62,10.00,76,2,winner,0,0
1614,2025.06.12 14:22:59,EURUSD,BUY,1,1.16030,1.15666,0.00363,3.8213,-0.00007,0.00095,26.20,1.16028,2.8585,10,14,4,0.5800,0.5814,50,-3e-05,-1.87,1.794118,3,2.8585,20.4558,0.0,0.9,58.4729,2025.06.13 00:59:38,10.00,BASKET_TP,1,0,-7.84,10.00,127,4,winner,0,0
1615,2025.06.13 06:06:27,EURUSD,SELL,1,1.15294,1.15520,-0.00225,-4.2776,0.00000,0.00053,22.09,1.15289,-3.3687,12,6,5,0.6000,0.6304,50,7e-05,-4.11,-0.442105,1,3.3687,2.0422,0.0,0.7,6.8795,2025.06.13 10:44:19,10.03,BASKET_TP,1,0,-7.97,10.03,55,5,winner,0,0
1616,2025.06.13 13:05:40,EURUSD,SELL,1,1.15064,1.15257,-0.00193,-3.2158,0.00005,0.00060,29.30,1.15051,-2.1706,8,13,5,0.6000,0.6304,50,5e-05,7.21,0.132075,2,2.1706,17.7834,0.952264,1.0,38.6007,2025.06.16 08:21:28,-25.01,BASKET_SL,0,1,-25.01,2.99,231,5,steamroller_bsl,1,1
1617,2025.06.16 11:18:15,EURUSD,BUY,1,1.15790,1.15624,0.00166,4.2895,-0.00002,0.00039,23.72,1.15787,2.8467,12,11,1,0.6000,0.6305,50,-7e-05,-5.58,-0.35,1,2.8467,1.9117,0.0,0.7,5.442,2025.06.17 15:37:27,-25.00,BASKET_SL,0,1,-25.00,8.31,340,5,steamroller_bsl,1,1
1618,2025.06.17 21:50:39,EURUSD,SELL,1,1.14813,1.15068,-0.00255,-6.9277,0.00001,0.00037,23.29,1.14809,-6.0708,10,21,2,0.5800,0.5815,50,3e-05,-0.43,-0.051282,1,6.0708,2.3177,0.0,0.3,14.0703,2025.06.18 20:00:40,10.04,BASKET_TP,1,0,-19.66,10.04,266,5,winner,0,0
1619,2025.06.18 23:03:15,EURUSD,SELL,1,1.14785,1.14899,-0.00115,-3.1721,0.00002,0.00036,22.22,1.14779,-2.1155,12,23,3,0.6000,0.6306,50,1e-05,-1.07,-0.027027,2,2.1155,1.6289,0.0,0.2,3.4459,2025.06.22 22:01:00,20.77,BASKET_TP,1,0,-21.93,20.77,564,5,winner,0,1
1620,2025.06.22 23:04:26,EURUSD,SELL,1,1.14827,1.15109,-0.00282,-3.1671,-0.00015,0.00089,19.46,1.14827,-2.1583,8,23,0,0.6200,0.7075,50,-0.00017,-2.76,1.472222,3,2.1583,18.4618,0.0,5.1,39.8461,2025.06.23 23:03:32,-25.01,BASKET_SL,0,1,-25.01,8.40,288,3,steamroller_bsl,1,1
1621,2025.06.24 01:50:29,EURUSD,BUY,1,1.15972,1.15754,0.00217,4.4643,0.00000,0.00049,26.37,1.15978,3.4824,8,1,2,0.6200,0.7075,50,0.00015,6.91,-0.449438,1,3.4824,16.6906,0.0,1.5,58.1233,2025.06.24 15:23:52,10.00,BASKET_TP,1,0,-2.72,10.00,162,3,winner,0,0
1622,2025.06.24 16:56:36,EURUSD,BUY,1,1.16170,1.16064,0.00106,1.7555,-0.00006,0.00060,25.91,1.16178,0.2420,8,16,2,0.6200,0.7075,50,-6e-05,-0.46,0.22449,2,0.242,3.9054,0.0,1.2,0.9451,2025.06.26 04:05:40,10.01,BASKET_TP,1,0,-1.92,10.01,422,1,winner,0,0
1623,2025.06.26 05:12:05,EURUSD,BUY,1,1.16904,1.16742,0.00162,2.8375,-0.00004,0.00057,23.61,1.16907,1.7172,10,5,4,0.6200,0.7074,50,2e-05,-2.3,-0.05,3,1.7172,2.1293,0.0,0.6,3.6564,2025.06.26 08:22:36,10.03,BASKET_TP,1,0,-2.39,10.03,38,3,winner,0,0
1624,2025.06.26 11:42:26,EURUSD,BUY,1,1.17224,1.17031,0.00193,4.3096,-0.00003,0.00045,16.80,1.17224,3.0723,11,11,4,0.6400,0.7691,50,1e-05,-6.81,-0.210526,4,3.0723,2.8681,0.0,0.4,8.8116,2025.06.26 17:31:02,10.01,BASKET_TP,1,0,-9.79,10.01,70,5,winner,0,0
1625,2025.06.26 19:25:37,EURUSD,BUY,1,1.17244,1.17149,0.00095,2.9561,-0.00003,0.00032,12.62,1.17249,1.7462,10,19,4,0.6600,0.8378,50,0.0,-4.18,-0.288889,5,1.7462,2.9365,0.0,0.0,5.1278,2025.06.27 13:32:54,10.02,BASKET_TP,1,0,-17.48,10.02,217,5,winner,0,0
1626,2025.06.27 14:31:27,EURUSD,BUY,1,1.17274,1.17139,0.00136,1.5732,-0.00005,0.00086,26.68,1.17290,0.6413,8,14,5,0.6800,0.9151,50,-2e-05,14.06,1.6875,6,0.6413,48.3553,23.72625,1.2,31.0103,2025.06.30 16:47:27,10.01,BASKET_TP,1,0,-5.71,10.01,315,2,winner,0,0
1627,2025.07.01 02:35:36,EURUSD,BUY,1,1.17918,1.17791,0.00127,3.5382,-0.00003,0.00036,25.88,1.17925,2.5137,12,2,2,0.6800,0.9151,50,2e-05,-0.8,-0.581395,7,2.5137,4.3284,0.0,1.4,10.8804,2025.07.01 09:54:26,10.12,BASKET_TP,1,0,-7.04,10.12,87,4,winner,0,0
1628,2025.07.01 12:28:02,EURUSD,BUY,1,1.18111,1.17976,0.00134,3.4817,-0.00005,0.00039,24.82,1.18111,2.1714,12,12,2,0.7000,1.0030,50,-2e-05,-1.06,0.083333,8,2.1714,5.5762,0.0,1.6,12.1081,2025.07.02 12:57:26,-25.01,BASKET_SL,0,1,-25.01,5.09,294,5,steamroller_bsl,1,1
1629,2025.07.02 13:25:00,EURUSD,SELL,1,1.17660,1.17762,-0.00102,-1.3522,0.00022,0.00075,29.32,1.17660,1.1204,8,13,3,0.7000,1.0032,50,0.00027,4.5,0.923077,1,1.1204,21.7109,4.153846,2.7,24.3249,2025.07.03 13:30:25,10.04,BASKET_TP,1,0,-4.42,10.04,180,3,winner,0,0
1630,2025.07.03 18:20:00,EURUSD,SELL,1,1.17524,1.17656,-0.00133,-3.6341,0.00005,0.00036,29.92,1.17524,-2.4986,8,18,4,0.7200,1.1034,50,-0.00017,0.6,-0.52,2,2.4986,4.5247,0.0,3.4,11.3053,2025.07.07 09:06:26,10.00,BASKET_TP,1,0,-15.10,10.00,385,5,winner,0,0
1631,2025.07.07 11:16:35,EURUSD,SELL,1,1.17320,1.17506,-0.00186,-6.3727,-0.00000,0.00029,25.86,1.17318,-5.2821,8,11,1,0.7200,1.1032,50,-5e-05,-4.06,-0.194444,3,5.2821,3.3205,0.0,1.5,17.5393,2025.07.07 17:47:23,10.01,BASKET_TP,1,0,-2.17,10.01,78,3,winner,0,0
1632,2025.07.07 19:42:13,EURUSD,SELL,1,1.17063,1.17226,-0.00163,-3.2384,0.00001,0.00050,14.21,1.17054,-2.2601,10,19,1,0.7200,1.1029,50,1e-05,-11.65,0.724138,4,2.2601,9.9064,0.0,0.4,22.3895,2025.07.08 14:24:42,10.09,BASKET_TP,1,0,-18.26,10.09,224,5,winner,0,0
1633,2025.07.08 16:16:28,EURUSD,SELL,1,1.16977,1.17188,-0.00211,-3.9046,0.00005,0.00054,20.77,1.16974,-2.9092,8,16,2,0.7200,1.1031,50,4e-05,6.56,0.08,5,2.9092,17.5473,0.5248,2.0,51.0486,2025.07.10 14:34:02,10.02,BASKET_TP,1,0,-15.29,10.02,555,5,winner,0,0
1634,2025.07.10 17:07:59,EURUSD,SELL,1,1.16840,1.17038,-0.00198,-4.1860,0.00001,0.00047,23.61,1.16833,-3.0581,12,17,4,0.7200,1.1031,50,-4e-05,2.84,-0.12963,6,3.0581,9.8445,0.0,2.4,30.1055,2025.07.15 14:52:03,10.05,BASKET_TP,1,0,-4.41,10.05,837,2,winner,0,0
1635,2025.07.15 19:16:02,EURUSD,SELL,1,1.15987,1.16287,-0.00300,-10.9312,0.00002,0.00027,27.50,1.15984,-9.9353,10,19,2,0.7200,1.1031,50,1e-05,3.89,-0.425532,7,9.9353,13.8638,0.0,0.7,137.7413,2025.07.16 14:19:37,10.07,BASKET_TP,1,0,-10.73,10.07,228,5,winner,0,0
1636,2025.07.16 18:56:29,EURUSD,BUY,1,1.16449,1.16241,0.00208,2.6753,-0.00005,0.00078,25.59,1.16451,1.5511,9,18,3,0.7400,1.2188,50,-7e-05,-1.91,1.888889,1,1.5511,20.4767,0.0,0.7,31.7614,2025.07.18 09:12:06,10.01,BASKET_TP,1,0,-22.01,10.01,459,5,winner,0,1
1637,2025.07.18 15:53:04,EURUSD,BUY,1,1.16543,1.16431,0.00112,2.0187,-0.00000,0.00055,15.14,1.16543,0.7398,11,15,5,0.7600,1.3540,50,5e-05,-10.45,-0.294872,2,0.7398,1.6849,0.0,1.0,1.2465,2025.07.21 12:46:03,10.01,BASKET_TP,1,0,-10.15,10.01,251,4,winner,0,0
1638,2025.07.21 14:38:59,EURUSD,BUY,1,1.16623,1.16491,0.00132,4.0775,0.00000,0.00032,28.69,1.16623,2.6301,11,14,1,0.7600,1.3152,50,0.0,13.55,-0.418182,3,2.6301,29.2575,0.0,0.0,76.9502,2025.07.22 17:08:38,10.00,BASKET_TP,1,0,-0.12,10.00,318,1,winner,0,0
1639,2025.07.22 18:31:39,EURUSD,BUY,1,1.17477,1.17196,0.00281,6.7050,-0.00001,0.00042,27.96,1.17481,5.5414,10,18,2,0.7600,1.3151,50,-1e-05,-0.73,0.3125,4,5.5414,6.6103,0.0,0.4,36.6306,2025.07.23 16:56:39,10.08,BASKET_TP,1,0,-10.85,10.08,269,5,winner,0,0
1640,2025.07.23 18:51:37,EURUSD,BUY,1,1.17546,1.17394,0.00152,3.0927,0.00007,0.00049,14.18,1.17538,1.7324,8,18,3,0.7600,1.3153,50,8e-05,-13.78,0.166667,5,1.7324,5.3998,0.0,4.0,9.3546,2025.07.28 10:36:36,-25.00,BASKET_SL,0,1,-25.00,8.06,765,3,steamroller_bsl,1,1
1641,2025.07.28 13:36:31,EURUSD,SELL,1,1.16554,1.16854,-0.00300,-4.5370,0.00003,0.00066,25.27,1.16549,-3.6638,8,13,1,0.7600,1.3158,50,-4e-05,11.09,0.346939,1,3.6638,27.4653,3.847551,0.4,100.6275,2025.07.29 07:34:27,10.01,BASKET_TP,1,0,-0.43,10.01,215,1,winner,0,0
1642,2025.07.29 11:14:24,EURUSD,SELL,1,1.15727,1.15739,-0.00012,-0.2568,0.00002,0.00046,29.77,1.15717,0.5479,8,11,2,0.7600,1.3157,50,-1e-05,4.5,-0.30303,2,0.5479,10.237,0.0,0.2,5.6088,2025.07.29 13:36:36,10.01,BASKET_TP,1,0,-1.95,10.01,29,2,winner,0,0
1643,2025.07.29 15:23:34,EURUSD,SELL,1,1.15327,1.15531,-0.00204,-2.7844,-0.00003,0.00073,26.74,1.15329,-1.7757,9,15,2,0.7800,1.4719,50,-5e-05,-3.03,0.586957,3,1.7757,8.3135,0.0,1.5,14.7623,2025.07.30 12:35:24,10.01,BASKET_TP,1,0,-7.79,10.01,255,4,winner,0,0
1644,2025.07.30 16:14:05,EURUSD,SELL,1,1.14765,1.15102,-0.00337,-7.4483,-0.00003,0.00045,28.66,1.14761,-6.0876,10,16,3,0.8000,1.6593,50,0.0,1.92,-0.383562,4,6.0876,7.3619,0.0,0.0,44.8163,2025.07.30 19:41:01,10.06,BASKET_TP,1,0,-4.46,10.06,42,4,winner,0,0
1645,2025.07.30 23:02:35,EURUSD,SELL,1,1.14084,1.14475,-0.00392,-10.8544,-0.00002,0.00036,21.65,1.14088,-9.7670,13,23,3,0.8000,1.6592,50,1e-05,-7.01,-0.2,5,9.767,5.0418,0.0,0.5,49.2428,2025.08.01 10:44:36,10.05,BASKET_TP,1,0,-21.15,10.05,428,5,winner,0,1
1646,2025.08.01 11:11:38,EURUSD,SELL,1,1.14066,1.14160,-0.00094,-2.2460,0.00003,0.00042,28.62,1.14060,-1.4265,10,11,5,0.8000,1.6592,50,5e-05,6.97,0.166667,6,1.4265,19.4633,1.161667,3.0,27.7644,2025.08.01 13:31:15,-25.04,BASKET_SL,0,1,-25.04,9.57,28,5,steamroller_bsl,1,1
1647,2025.08.01 16:27:59,EURUSD,BUY,1,1.15514,1.14862,0.00653,6.6568,-0.00006,0.00098,25.98,1.15516,5.1950,8,16,5,0.7800,1.4719,50,-9e-05,-2.64,1.333333,1,5.195,16.0321,0.0,0.9,83.2867,2025.08.01 20:48:05,10.00,BASKET_TP,1,0,-3.02,10.00,52,2,winner,0,0
1648,2025.08.03 23:15:38,EURUSD,BUY,1,1.15868,1.15518,0.00349,11.3772,-0.00003,0.00031,22.78,1.15868,9.7839,17,23,0,0.8000,1.6591,50,3e-05,-3.2,-0.683673,2,9.7839,3.746,0.0,0.6,36.6502,2025.08.06 11:08:41,10.03,BASKET_TP,1,0,-24.92,10.03,716,5,winner,0,1
1649,2025.08.06 16:40:28,EURUSD,BUY,1,1.16327,1.16112,0.00215,3.4560,0.00001,0.00062,29.34,1.16318,2.2099,8,16,3,0.8200,1.8881,50,4e-05,6.56,1.0,3,2.2099,25.5725,6.56,1.2,56.5126,2025.08.12 13:41:51,10.00,BASKET_TP,1,0,-6.14,10.00,1116,3,winner,0,0
1650,2025.08.12 19:20:00,EURUSD,BUY,1,1.16741,1.16542,0.00199,5.3088,-0.00006,0.00038,18.21,1.16741,3.9209,12,19,2,0.8200,1.8881,50,-7e-05,-11.13,-0.387097,4,3.9209,3.6802,0.0,2.8,14.4298,2025.08.13 09:21:59,10.01,BASKET_TP,1,0,-0.87,10.01,168,2,winner,0,0
1651,2025.08.13 11:56:40,EURUSD,BUY,1,1.17210,1.17036,0.00174,5.6383,-0.00001,0.00031,27.08,1.17214,4.4302,9,11,3,0.8200,1.8747,50,5e-05,8.87,-0.184211,5,4.4302,21.8475,0.0,2.5,96.789,2025.08.14 13:30:30,-25.11,BASKET_SL,0,1,-25.11,5.64,307,5,steamroller_bsl,1,1
1652,2025.08.14 15:30:35,EURUSD,SELL,1,1.16596,1.16779,-0.00183,-2.8851,0.00004,0.00064,29.86,1.16581,-2.0525,8,15,4,0.8000,1.6466,50,5e-05,2.78,1.064516,1,2.0525,17.7183,2.959355,0.5,36.3668,2025.08.18 09:04:28,10.11,BASKET_TP,1,0,-8.99,10.11,498,5,winner,0,0
1653,2025.08.18 12:03:53,EURUSD,SELL,1,1.16801,1.16897,-0.00097,-3.6049,0.00000,0.00027,11.58,1.16800,-2.2557,10,12,1,0.8000,1.6469,50,-4e-05,-18.28,-0.578125,2,2.2557,1.9639,0.0,0.8,4.43,2025.08.20 01:05:36,10.00,BASKET_TP,1,0,-1.54,10.00,445,2,winner,0,0
1654,2025.08.20 04:05:18,EURUSD,SELL,1,1.16282,1.16395,-0.00113,-3.7613,0.00003,0.00030,27.07,1.16282,-2.7683,11,4,3,0.8000,1.6466,50,3e-05,15.49,0.111111,3,2.7683,34.5832,1.721111,0.9,95.7366,2025.08.21 14:57:38,10.01,BASKET_TP,1,0,-18.39,10.01,418,5,winner,0,0
1655,2025.08.21 18:02:35,EURUSD,SELL,1,1.16095,1.16278,-0.00184,-6.4725,0.00001,0.00028,23.96,1.16096,-4.9766,11,18,4,0.8000,1.6460,50,-2e-05,-3.11,-0.066667,4,4.9766,3.4442,0.0,0.8,17.1402,2025.08.22 18:30:34,-25.01,BASKET_SL,0,1,-25.01,6.49,294,2,steamroller_bsl,1,1
1656,2025.08.24 23:05:05,EURUSD,BUY,1,1.17223,1.17054,0.00170,5.4352,-0.00003,0.00031,18.13,1.17229,4.4614,8,23,0,0.8000,1.6461,50,-4e-05,-5.83,0.107143,1,4.4614,3.0868,0.0,0.4,13.7714,2025.08.25 17:17:16,-25.01,BASKET_SL,0,1,-25.01,2.84,218,5,steamroller_bsl,1,1
1657,2025.08.25 23:07:28,EURUSD,SELL,1,1.16176,1.16406,-0.00230,-12.2865,0.00001,0.00019,28.42,1.16176,-10.8352,8,23,1,0.7800,1.4600,50,4e-05,10.29,-0.387097,1,10.8352,24.1888,0.0,0.4,262.0905,2025.08.26 08:13:28,10.00,BASKET_TP,1,0,-17.40,10.00,109,5,winner,0,0
1658,2025.08.26 10:07:18,EURUSD,SELL,1,1.16189,1.16265,-0.00076,-1.5051,0.00002,0.00050,12.89,1.16187,-0.4000,8,10,2,0.7800,1.4600,50,1e-05,-15.53,1.631579,2,0.4,17.5158,0.0,0.2,7.0063,2025.08.27 05:23:00,10.16,BASKET_TP,1,0,-10.59,10.16,231,5,winner,0,0
1659,2025.08.27 12:36:00,EURUSD,SELL,1,1.15845,1.16012,-0.00167,-4.6411,0.00001,0.00036,28.89,1.15842,-3.7753,9,12,3,0.7800,1.4605,50,-1e-05,16.0,-0.28,3,3.7753,34.5438,0.0,0.3,130.4133,2025.08.27 23:36:25,-25.01,BASKET_SL,0,1,-25.01,5.89,132,5,steamroller_bsl,1,1
1660,2025.08.28 04:39:16,EURUSD,BUY,1,1.16491,1.16411,0.00080,3.7620,-0.00003,0.00021,28.87,1.16491,2.2496,11,4,4,0.7600,1.3055,50,-4e-05,-0.02,-0.416667,1,2.2496,1.4624,0.0,0.4,3.2898,2025.08.28 11:27:03,10.03,BASKET_TP,1,0,-7.07,10.03,82,5,winner,0,0
1661,2025.08.28 13:31:38,EURUSD,BUY,1,1.16676,1.16531,0.00145,3.7178,0.00002,0.00039,20.51,1.16673,2.4554,8,13,4,0.7800,1.4607,50,5e-05,-8.36,0.857143,2,2.4554,10.6853,0.0,1.0,26.2366,2025.09.01 03:57:34,10.01,BASKET_TP,1,0,-2.23,10.01,461,2,winner,0,0
1662,2025.09.01 08:33:43,EURUSD,BUY,1,1.17210,1.17085,0.00125,3.2314,0.00000,0.00039,29.84,1.17213,2.0649,11,8,1,0.8000,1.6466,50,-2e-05,9.33,0.0,3,2.0649,20.8762,0.0,0.6,43.1073,2025.09.02 08:53:03,-25.00,BASKET_SL,0,1,-25.00,1.81,292,5,steamroller_bsl,1,1
1663,2025.09.02 12:41:03,EURUSD,SELL,1,1.16336,1.16591,-0.00255,-4.9547,0.00003,0.00051,23.77,1.16333,-3.9600,8,12,2,0.7800,1.4604,50,3e-05,-6.07,0.307692,1,3.96,4.8669,0.0,0.3,19.273,2025.09.03 02:06:32,10.00,BASKET_TP,1,0,-16.75,10.00,161,5,winner,0,0
1664,2025.09.03 02:37:06,EURUSD,SELL,1,1.16312,1.16372,-0.00060,-2.0184,0.00001,0.00030,29.32,1.16310,-1.1880,9,2,3,0.7800,1.4604,50,-2e-05,5.55,-0.411765,2,1.188,12.597,0.0,0.4,14.9652,2025.09.03 08:20:24,10.01,BASKET_TP,1,0,-2.35,10.01,69,4,winner,0,0
1665,2025.09.03 08:50:04,EURUSD,SELL,1,1.16280,1.16309,-0.00029,-0.4856,0.00004,0.00060,26.87,1.16276,0.2232,8,8,3,0.7800,1.4604,50,3e-05,-2.45,1.0,3,0.2232,11.8558,0.0,0.9,2.6462,2025.09.05 11:23:33,-25.10,BASKET_SL,0,1,-25.10,6.40,606,5,steamroller_bsl,1,1
1666,2025.09.05 15:39:36,EURUSD,BUY,1,1.17348,1.17037,0.00311,3.7260,0.00001,0.00084,28.28,1.17336,2.4903,1,15,5,0.7600,1.3050,50,-3e-05,1.41,0.4,1,2.4903,8.2426,0.564,0.3,20.5265,2025.09.09 00:20:54,10.01,BASKET_TP,1,0,-3.49,10.01,393,2,winner,0,0
1667,2025.09.09 02:26:51,EURUSD,BUY,1,1.17696,1.17610,0.00086,3.2643,-0.00002,0.00026,18.67,1.17699,2.3540,2,2,2,0.7800,1.4599,50,-3e-05,-9.61,-0.690476,2,2.354,1.8885,0.0,0.6,4.4455,2025.09.09 18:45:15,-25.03,BASKET_SL,0,1,-25.03,4.92,196,5,steamroller_bsl,1,1
1668,2025.09.09 21:18:35,EURUSD,SELL,1,1.17064,1.17221,-0.00157,-7.5012,-0.00002,0.00021,19.51,1.17068,-6.2735,17,21,2,0.7800,1.4597,50,0.0,0.84,-0.192308,1,6.2735,3.7484,0.0,0.0,23.5154,2025.09.10 13:53:41,10.03,BASKET_TP,1,0,-7.12,10.03,199,5,winner,0,0
1669,2025.09.10 14:18:42,EURUSD,SELL,1,1.17030,1.17042,-0.00012,-0.1187,0.00002,0.00098,15.25,1.17021,0.7068,1,14,3,0.7800,1.4597,50,4e-05,-4.26,3.666667,2,0.7068,38.2434,0.0,0.8,27.0304,2025.09.16 04:32:17,-25.09,BASKET_SL,0,1,-25.09,5.78,1035,5,steamroller_bsl,1,1
1670,2025.09.16 06:45:35,EURUSD,BUY,1,1.17773,1.17714,0.00060,3.1608,-0.00001,0.00019,23.71,1.17776,1.9851,2,6,2,0.7600,1.2687,50,-3e-05,8.46,-0.806122,1,1.9851,18.2163,0.0,0.3,36.1611,2025.09.16 18:14:35,10.00,BASKET_TP,1,0,-0.19,10.00,137,1,winner,0,0
1671,2025.09.16 20:23:33,EURUSD,BUY,1,1.18661,1.18446,0.00215,6.9933,0.00001,0.00031,21.62,1.18662,5.9390,2,20,2,0.7800,1.4202,50,2e-05,-2.09,0.631579,2,5.939,9.0005,0.0,0.4,53.4542,2025.09.17 19:00:38,10.04,BASKET_TP,1,0,-10.29,10.04,272,5,winner,0,0
1672,2025.09.17 20:31:41,EURUSD,BUY,1,1.18526,1.18523,0.00003,0.0169,-0.00010,0.00169,24.95,1.18539,-0.9603,2,20,3,0.7800,1.4203,50,-0.00011,3.33,4.451613,3,0.9603,54.0162,14.823871,3.3,51.8718,2025.09.19 12:45:17,-25.10,BASKET_SL,0,1,-25.10,1.22,483,4,steamroller_bsl,1,1
1673,2025.09.19 17:58:32,EURUSD,SELL,1,1.17472,1.17540,-0.00068,-1.6832,0.00000,0.00040,21.94,1.17477,-0.4420,2,17,5,0.7600,1.2684,50,0.0001,-3.01,-0.763314,1,0.442,1.6105,0.0,1.0,0.7118,2025.09.24 09:49:23,10.02,BASKET_TP,1,0,-16.58,10.02,759,5,winner,0,0
1674,2025.09.24 13:10:33,EURUSD,SELL,1,1.17539,1.17737,-0.00198,-5.4165,0.00002,0.00037,28.94,1.17532,-4.6731,1,13,3,0.7600,1.2683,50,2e-05,7.0,-0.075,2,4.6731,16.3683,0.0,0.4,76.4906,2025.09.25 18:25:27,10.00,BASKET_TP,1,0,-0.18,10.00,351,1,winner,0,0
1675,2025.09.25 20:15:34,EURUSD,SELL,1,1.16568,1.16827,-0.00259,-7.4385,0.00003,0.00035,19.05,1.16567,-6.3948,2,20,4,0.7600,1.2683,50,1e-05,-9.89,-0.054054,3,6.3948,3.1987,0.0,0.3,20.455,2025.09.29 01:14:40,-25.09,BASKET_SL,0,1,-25.09,2.44,347,5,steamroller_bsl,1,1
1676,2025.09.29 06:36:43,EURUSD,BUY,1,1.17280,1.17188,0.00092,3.0526,-0.00001,0.00030,28.07,1.17280,2.0829,2,6,1,0.7400,1.1398,50,-4e-05,9.02,-0.142857,1,2.0829,19.4607,0.0,0.4,40.5347,2025.09.29 13:48:17,10.04,BASKET_TP,1,0,-6.11,10.04,86,5,winner,0,0
1677,2025.09.29 15:19:55,EURUSD,BUY,1,1.17402,1.17280,0.00122,2.1899,0.00000,0.00056,22.21,1.17404,1.1606,1,15,1,0.7400,1.1399,50,1e-05,-5.86,0.866667,2,1.1606,10.0568,0.0,0.2,11.6719,2025.10.01 06:00:16,10.00,BASKET_TP,1,0,-5.09,10.00,465,3,winner,0,0
1678,2025.10.01 08:56:34,EURUSD,BUY,1,1.17584,1.17497,0.00086,1.1653,-0.00006,0.00074,29.52,1.17588,0.1966,1,8,3,0.7400,1.1395,50,-6e-05,7.31,0.321429,3,0.1966,19.9834,2.349643,1.8,3.9287,2025.10.03 15:06:29,10.00,BASKET_TP,1,0,-22.79,10.00,650,5,winner,0,1
1679,2025.10.03 15:46:37,EURUSD,BUY,1,1.17409,1.17353,0.00056,0.7840,-0.00003,0.00071,15.48,1.17404,-0.1642,1,15,5,0.7600,1.2676,50,3e-05,-14.04,-0.040541,4,0.1642,2.341,0.0,1.2,0.3844,2025.10.07 10:35:27,-25.10,BASKET_SL,0,1,-25.10,4.50,514,5,steamroller_bsl,1,1
1680,2025.10.07 11:09:25,EURUSD,SELL,1,1.16673,1.16838,-0.00164,-4.8614,-0.00003,0.00034,22.82,1.16678,-3.7746,1,11,2,0.7400,1.1391,50,0.0,7.34,-0.521127,1,3.7746,16.1237,0.0,0.0,60.8603,2025.10.08 02:00:25,10.02,BASKET_TP,1,0,-2.16,10.02,179,3,winner,0,0
1681,2025.10.08 07:06:38,EURUSD,SELL,1,1.16173,1.16313,-0.00140,-4.3003,0.00001,0.00033,22.42,1.16172,-3.3700,2,7,3,0.7400,1.1392,50,4e-05,-0.4,-0.029412,2,3.37,2.2425,0.0,0.8,7.5572,2025.10.08 10:56:02,10.04,BASKET_TP,1,0,-4.41,10.04,46,5,winner,0,0
1682,2025.10.08 14:49:59,EURUSD,BUY,1,1.16337,1.16283,0.00054,1.1548,0.00002,0.00047,24.00,1.16329,-0.0218,1,14,3,0.7400,1.1392,50,1e-05,1.58,0.424242,1,0.0218,8.0079,0.670303,0.1,0.1746,2025.10.09 03:45:26,10.04,BASKET_TP,1,0,-9.40,10.04,156,4,winner,0,0
1683,2025.10.09 04:19:05,EURUSD,BUY,1,1.16423,1.16338,0.00086,3.4462,-0.00002,0.00025,24.76,1.16428,2.5841,2,4,4,0.7400,1.1391,50,-4e-05,0.76,-0.468085,2,2.5841,3.566,0.0,0.8,9.215,2025.10.09 15:22:37,-25.03,BASKET_SL,0,1,-25.03,0.80,133,5,steamroller_bsl,1,1
1684,2025.10.09 18:25:38,EURUSD,SELL,1,1.15614,1.15876,-0.00262,-5.9389,0.00003,0.00044,10.86,1.15604,-5.1506,2,18,4,0.7200,1.0292,50,5e-05,-13.9,0.76,1,5.1506,9.8876,0.0,0.5,50.9273,2025.10.10 16:25:05,-25.11,BASKET_SL,0,1,-25.11,2.98,262,5,steamroller_bsl,1,1
1685,2025.10.10 18:09:29,EURUSD,BUY,1,1.16082,1.15885,0.00197,3.1387,0.00000,0.00063,22.22,1.16086,1.8356,2,18,5,0.7000,0.9337,50,-3e-05,11.36,0.431818,1,1.8356,28.2971,4.905455,0.3,51.9421,2025.10.14 15:47:40,10.14,BASKET_TP,1,0,-16.66,10.14,547,5,winner,0,0
1686,2025.10.14 21:10:32,EURUSD,BUY,1,1.16058,1.15946,0.00113,3.9930,-0.00004,0.00028,21.74,1.16062,2.3888,17,21,2,0.7000,0.9339,50,-4e-05,-0.48,-0.555556,2,2.3888,1.9972,0.0,0.8,4.7709,2025.10.16 01:22:17,10.02,BASKET_TP,1,0,-0.50,10.02,338,2,winner,0,0
1687,2025.10.16 04:04:34,EURUSD,BUY,1,1.16661,1.16530,0.00131,4.8668,0.00000,0.00027,27.22,1.16663,3.6044,2,4,4,0.7000,0.9339,50,4e-05,5.48,-0.035714,3,3.6044,13.7611,0.0,1.2,49.6005,2025.10.16 15:51:37,10.04,BASKET_TP,1,0,-6.76,10.04,142,5,winner,0,0
1688,2025.10.16 16:48:35,EURUSD,BUY,1,1.16691,1.16607,0.00084,2.0677,-0.00002,0.00041,26.69,1.16689,0.8054,1,16,4,0.7000,0.9340,50,-2e-05,-0.53,0.518519,4,0.8054,7.5865,0.0,0.8,6.1102,2025.10.21 13:11:37,-25.03,BASKET_SL,0,1,-25.03,6.40,821,5,steamroller_bsl,1,1
1689,2025.10.21 14:16:40,EURUSD,SELL,1,1.16106,1.16203,-0.00096,-2.0827,0.00001,0.00046,18.72,1.16109,-0.9843,1,14,2,0.6800,0.8507,50,3e-05,-7.97,0.121951,1,0.9843,2.2656,0.0,0.3,2.23,2025.10.29 18:36:41,10.35,BASKET_TP,1,0,-21.80,10.35,1756,5,winner,0,1
1690,2025.10.29 21:50:35,EURUSD,SELL,1,1.16013,1.16189,-0.00176,-7.8659,0.00001,0.00022,21.42,1.16013,-6.8742,21,21,3,0.6800,0.8514,50,0.0,2.7,-0.521739,2,6.8742,8.1186,0.0,0.0,55.8085,2025.10.30 12:21:13,10.01,BASKET_TP,1,0,-14.84,10.01,174,5,winner,0,0
1691,2025.10.30 16:44:32,EURUSD,SELL,1,1.15669,1.15846,-0.00177,-4.1093,0.00000,0.00043,26.12,1.15670,-3.0889,1,16,4,0.7000,0.9347,50,-1e-05,4.7,0.954545,3,3.0889,21.3177,4.486364,0.3,65.8482,2025.10.31 14:26:47,10.03,BASKET_TP,1,0,-0.85,10.03,261,2,winner,0,0
1692,2025.10.31 15:53:38,EURUSD,SELL,1,1.15312,1.15501,-0.00190,-3.8483,-0.00005,0.00049,21.11,1.15315,-2.7862,1,15,5,0.7000,0.9347,50,-5e-05,-5.01,0.139535,4,2.7862,4.5919,0.0,2.0,12.7939,2025.11.04 12:04:40,10.03,BASKET_TP,1,0,-0.99,10.03,518,2,winner,0,0
1693,2025.11.04 15:36:29,EURUSD,SELL,1,1.14828,1.14960,-0.00132,-2.9584,0.00003,0.00045,27.38,1.14829,-1.9330,1,15,2,0.7000,0.9348,50,8e-05,6.27,-0.081633,5,1.933,16.3233,0.0,4.0,31.5528,2025.11.07 11:54:03,-25.03,BASKET_SL,0,1,-25.03,6.86,819,5,steamroller_bsl,1,1
1694,2025.11.07 12:57:37,EURUSD,BUY,1,1.15570,1.15460,0.00110,3.3240,-0.00000,0.00033,27.35,1.15573,2.3792,1,12,5,0.6800,0.8515,50,-3e-05,-0.03,-0.266667,1,2.3792,1.3948,0.0,0.3,3.3185,2025.11.11 13:55:38,10.05,BASKET_TP,1,0,-1.32,10.05,588,2,winner,0,0
1695,2025.11.11 15:08:34,EURUSD,BUY,1,1.15970,1.15783,0.00188,4.3038,0.00001,0.00044,21.00,1.15967,3.0998,1,15,2,0.6800,0.8514,50,1e-05,-6.35,0.333333,2,3.0998,5.2083,0.0,0.2,16.1446,2025.11.13 07:51:15,10.01,BASKET_TP,1,0,-8.79,10.01,489,4,winner,0,0
1696,2025.11.13 10:08:36,EURUSD,BUY,1,1.16181,1.16014,0.00168,3.0527,-0.00002,0.00055,26.21,1.16190,2.2996,1,10,4,0.6800,0.8513,50,-3e-05,5.21,0.25,3,2.2996,15.2949,1.3025,0.9,35.1722,2025.11.19 15:02:23,-25.04,BASKET_SL,0,1,-25.04,8.95,1211,5,steamroller_bsl,1,1
1697,2025.11.19 21:29:36,EURUSD,SELL,1,1.15254,1.15396,-0.00143,-6.9766,-0.00001,0.00020,23.67,1.15255,-5.8924,17,21,3,0.6800,0.8513,50,1e-05,-2.54,-0.636364,1,5.8924,2.0731,0.0,0.1,12.2155,2025.11.20 03:44:30,10.00,BASKET_TP,1,0,-5.30,10.00,75,5,winner,0,0
1698,2025.11.20 04:39:28,EURUSD,SELL,1,1.15175,1.15269,-0.00095,-3.6795,0.00002,0.00026,24.31,1.15169,-2.8573,2,4,4,0.6800,0.8513,50,3e-05,0.64,0.3,2,2.8573,6.2943,0.192,0.6,17.9848,2025.11.21 11:55:05,10.02,BASKET_TP,1,0,-13.83,10.02,376,5,winner,0,0
1699,2025.11.21 12:50:00,EURUSD,SELL,1,1.15150,1.15266,-0.00115,-1.8662,0.00012,0.00062,28.78,1.15150,-0.1903,1,12,5,0.6800,0.8513,50,0.0001,4.47,1.384615,3,0.1903,25.3337,6.189231,3.0,4.821,2025.11.27 01:29:24,-25.05,BASKET_SL,0,1,-25.05,4.70,1015,5,steamroller_bsl,1,1
1700,2025.11.27 03:05:25,EURUSD,BUY,1,1.16077,1.16000,0.00076,2.5463,-0.00002,0.00030,29.42,1.16082,1.6252,2,3,4,0.6600,0.7778,50,-0.00014,0.64,-0.516129,1,1.6252,3.5863,0.0,1.4,5.8285,2025.12.01 08:17:26,10.01,BASKET_TP,1,0,-21.94,10.01,638,5,winner,0,1
1701,2025.12.01 14:05:31,EURUSD,BUY,1,1.16408,1.16247,0.00162,3.8941,-0.00003,0.00041,23.04,1.16410,2.8708,1,14,1,0.6600,0.7778,50,-1e-05,-6.38,0.366667,2,2.8708,5.4844,0.0,0.2,15.7445,2025.12.03 06:25:38,10.09,BASKET_TP,1,0,-17.71,10.09,484,5,winner,0,0
1702,2025.12.03 07:36:04,EURUSD,BUY,1,1.16455,1.16376,0.00079,2.5509,-0.00001,0.00031,22.09,1.16460,1.7890,1,7,3,0.6800,0.8517,50,2e-05,-0.95,-0.243902,3,1.789,2.1473,0.0,0.6,3.8414,2025.12.03 13:15:28,10.02,BASKET_TP,1,0,-1.47,10.02,68,3,winner,0,0
1703,2025.12.03 14:02:04,EURUSD,BUY,1,1.16676,1.16555,0.00122,2.7193,-0.00002,0.00045,19.27,1.16682,1.9290,1,14,3,0.6800,0.8514,50,-1e-05,-2.82,0.451613,4,1.929,7.0984,0.0,0.4,13.6928,2025.12.10 19:34:36,10.00,BASKET_TP,1,0,-20.65,10.00,1506,5,winner,0,1
1704,2025.12.10 19:36:42,EURUSD,BUY,1,1.16633,1.16492,0.00141,1.8118,0.00012,0.00078,14.14,1.16633,0.7693,2,19,3,0.6800,0.8514,50,0.00014,-5.13,0.733333,5,0.7693,11.4257,0.0,7.0,8.7898,2025.12.10 23:40:03,10.00,BASKET_TP,1,0,-0.84,10.00,49,2,winner,0,0
1705,2025.12.11 02:15:32,EURUSD,BUY,1,1.17022,1.16881,0.00140,5.0759,-0.00002,0.00028,15.35,1.17024,4.0797,2,2,4,0.6800,0.8514,50,-0.00014,1.21,-0.641026,6,4.0797,7.8399,0.0,8.4,31.9845,2025.12.11 11:12:28,10.12,BASKET_TP,1,0,-6.08,10.12,107,5,winner,0,0
1706,2025.12.11 12:57:05,EURUSD,BUY,1,1.17137,1.17027,0.00111,3.6815,0.00001,0.00030,20.40,1.17137,2.6741,1,12,4,0.7000,0.9350,50,3e-05,5.05,0.071429,7,2.6741,15.2828,0.360714,2.1,40.8678,2026.01.05 16:35:38,10.00,BASKET_TP,1,0,-5.21,10.00,4282,5,winner,0,0
