basket_id,open_time,symbol,direction,warn_depth,max_depth,ema_sep_atr,ema_slope,atr,adx,dist_ema_trend_atr,spread_points,hour,dow,roll_wr,roll_pf,roll_n,ema_slope_accel,adx_accel,atr_expansion_rate,consecutive_same_dir,dist_ema_abs,impulse_score,is_sell,profit,hit_bsl,mae,mfe,bars_alive,label_class,y_steamroller,y_mid_steamroller
1707,2026.01.05 21:28:30,EURUSD,BUY,2,5,9.0115,0.00000,0.00015,22.16,7.1407,6,21,1,0.7200,1.0302,50,-1e-05,1.76,-0.5,8,7.1407,9.4052,0.0,10.08,0,-4.12,10.08,114,winner,0,0
1707,2026.01.05 21:28:30,EURUSD,BUY,3,5,9.0115,0.00000,0.00015,22.16,7.1407,6,21,1,0.7200,1.0302,50,-1e-05,1.76,-0.5,8,7.1407,9.4052,0.0,10.08,0,-4.12,10.08,114,winner,0,0
1707,2026.01.05 21:28:30,EURUSD,BUY,4,5,9.0115,0.00000,0.00015,22.16,7.1407,6,21,1,0.7200,1.0302,50,-1e-05,1.76,-0.5,8,7.1407,9.4052,0.0,10.08,0,-4.12,10.08,114,winner,0,0
1707,2026.01.05 21:28:30,EURUSD,BUY,5,5,9.0115,0.00000,0.00015,22.16,7.1407,6,21,1,0.7200,1.0302,50,-1e-05,1.76,-0.5,8,7.1407,9.4052,0.0,10.08,0,-4.12,10.08,114,winner,0,0
1708,2026.01.06 07:52:35,EURUSD,BUY,2,5,2.0825,-0.00002,0.00027,26.64,0.9312,6,7,2,0.7200,1.0304,50,-2e-05,4.48,0.8,9,0.9312,21.8928,0.0,-25.00,1,-25.00,2.56,290,steamroller_bsl,1,1
1708,2026.01.06 07:52:35,EURUSD,BUY,3,5,2.0825,-0.00002,0.00027,26.64,0.9312,6,7,2,0.7200,1.0304,50,-2e-05,4.48,0.8,9,0.9312,21.8928,0.0,-25.00,1,-25.00,2.56,290,steamroller_bsl,1,1
1708,2026.01.06 07:52:35,EURUSD,BUY,4,5,2.0825,-0.00002,0.00027,26.64,0.9312,6,7,2,0.7200,1.0304,50,-2e-05,4.48,0.8,9,0.9312,21.8928,0.0,-25.00,1,-25.00,2.56,290,steamroller_bsl,1,1
1708,2026.01.06 07:52:35,EURUSD,BUY,5,5,2.0825,-0.00002,0.00027,26.64,0.9312,6,7,2,0.7200,1.0304,50,-2e-05,4.48,0.8,9,0.9312,21.8928,0.0,-25.00,1,-25.00,2.56,290,steamroller_bsl,1,1
1709,2026.01.07 09:03:35,EURUSD,SELL,2,3,-1.8665,0.00002,0.00035,28.66,-1.0073,6,9,3,0.7000,0.9348,50,4e-05,2.02,0.296296,1,1.0073,8.1548,1.0,10.01,0,-2.59,10.01,350,winner,0,0
1709,2026.01.07 09:03:35,EURUSD,SELL,3,3,-1.8665,0.00002,0.00035,28.66,-1.0073,6,9,3,0.7000,0.9348,50,4e-05,2.02,0.296296,1,1.0073,8.1548,1.0,10.01,0,-2.59,10.01,350,winner,0,0
1710,2026.01.08 15:12:28,EURUSD,SELL,2,2,-2.1277,0.00000,0.00036,26.81,-1.1146,6,15,4,0.7200,1.0300,50,-2e-05,-1.85,0.028571,2,1.1146,1.7644,1.0,10.00,0,-1.02,10.00,289,winner,0,0
1711,2026.01.09 15:52:04,EURUSD,SELL,2,5,-1.3481,0.00002,0.00056,28.77,-0.3334,6,15,5,0.7200,1.0299,50,2e-05,1.96,0.555556,3,0.3334,11.2589,1.0,10.02,0,-15.85,10.02,578,winner,0,0
1711,2026.01.09 15:52:04,EURUSD,SELL,3,5,-1.3481,0.00002,0.00056,28.77,-0.3334,6,15,5,0.7200,1.0299,50,2e-05,1.96,0.555556,3,0.3334,11.2589,1.0,10.02,0,-15.85,10.02,578,winner,0,0
1711,2026.01.09 15:52:04,EURUSD,SELL,4,5,-1.3481,0.00002,0.00056,28.77,-0.3334,6,15,5,0.7200,1.0299,50,2e-05,1.96,0.555556,3,0.3334,11.2589,1.0,10.02,0,-15.85,10.02,578,winner,0,0
1711,2026.01.09 15:52:04,EURUSD,SELL,5,5,-1.3481,0.00002,0.00056,28.77,-0.3334,6,15,5,0.7200,1.0299,50,2e-05,1.96,0.555556,3,0.3334,11.2589,1.0,10.02,0,-15.85,10.02,578,winner,0,0
1712,2026.01.13 18:20:28,EURUSD,SELL,2,2,-2.7550,0.00003,0.00028,14.48,-1.5805,6,18,2,0.7200,1.0299,50,1e-05,-14.29,-0.5,4,1.5805,2.4951,1.0,10.00,0,-2.14,10.00,520,winner,0,0
1713,2026.01.15 15:47:38,EURUSD,SELL,2,5,-3.8330,0.00001,0.00042,19.78,-2.7217,6,15,4,0.7400,1.1397,50,-2e-05,5.3,0.5,5,2.7217,18.9804,1.0,-25.01,1,-25.01,6.55,731,steamroller_bsl,1,1
1713,2026.01.15 15:47:38,EURUSD,SELL,3,5,-3.8330,0.00001,0.00042,19.78,-2.7217,6,15,4,0.7400,1.1397,50,-2e-05,5.3,0.5,5,2.7217,18.9804,1.0,-25.01,1,-25.01,6.55,731,steamroller_bsl,1,1
1713,2026.01.15 15:47:38,EURUSD,SELL,4,5,-3.8330,0.00001,0.00042,19.78,-2.7217,6,15,4,0.7400,1.1397,50,-2e-05,5.3,0.5,5,2.7217,18.9804,1.0,-25.01,1,-25.01,6.55,731,steamroller_bsl,1,1
1713,2026.01.15 15:47:38,EURUSD,SELL,5,5,-3.8330,0.00001,0.00042,19.78,-2.7217,6,15,4,0.7400,1.1397,50,-2e-05,5.3,0.5,5,2.7217,18.9804,1.0,-25.01,1,-25.01,6.55,731,steamroller_bsl,1,1
1714,2026.01.20 12:49:40,EURUSD,BUY,2,4,7.3378,0.00002,0.00039,22.00,6.2002,6,12,2,0.7200,1.0299,50,1e-05,2.22,-0.071429,1,6.2002,6.59,0.0,10.00,0,-2.56,10.00,9,winner,0,0
1714,2026.01.20 12:49:40,EURUSD,BUY,3,4,7.3378,0.00002,0.00039,22.00,6.2002,6,12,2,0.7200,1.0299,50,1e-05,2.22,-0.071429,1,6.2002,6.59,0.0,10.00,0,-2.56,10.00,9,winner,0,0
1714,2026.01.20 12:49:40,EURUSD,BUY,4,4,7.3378,0.00002,0.00039,22.00,6.2002,6,12,2,0.7200,1.0299,50,1e-05,2.22,-0.071429,1,6.2002,6.59,0.0,10.00,0,-2.56,10.00,9,winner,0,0
1715,2026.01.20 14:02:37,EURUSD,BUY,2,5,2.0668,-0.00001,0.00102,14.86,1.7063,6,14,2,0.7200,1.0299,50,-3e-05,-7.14,1.615385,2,1.7063,17.8804,0.0,-25.13,1,-25.13,9.92,395,steamroller_bsl,1,1
1715,2026.01.20 14:02:37,EURUSD,BUY,3,5,2.0668,-0.00001,0.00102,14.86,1.7063,6,14,2,0.7200,1.0299,50,-3e-05,-7.14,1.615385,2,1.7063,17.8804,0.0,-25.13,1,-25.13,9.92,395,steamroller_bsl,1,1
1715,2026.01.20 14:02:37,EURUSD,BUY,4,5,2.0668,-0.00001,0.00102,14.86,1.7063,6,14,2,0.7200,1.0299,50,-3e-05,-7.14,1.615385,2,1.7063,17.8804,0.0,-25.13,1,-25.13,9.92,395,steamroller_bsl,1,1
1715,2026.01.20 14:02:37,EURUSD,BUY,5,5,2.0668,-0.00001,0.00102,14.86,1.7063,6,14,2,0.7200,1.0299,50,-3e-05,-7.14,1.615385,2,1.7063,17.8804,0.0,-25.13,1,-25.13,9.92,395,steamroller_bsl,1,1
1716,2026.01.22 00:30:40,EURUSD,SELL,2,5,-4.0196,-0.00001,0.00029,23.07,-2.9172,6,0,4,0.7200,1.0298,50,0.0,8.21,-0.715686,1,2.9172,17.6493,1.0,-25.03,1,-25.03,1.41,186,steamroller_bsl,1,1
1716,2026.01.22 00:30:40,EURUSD,SELL,3,5,-4.0196,-0.00001,0.00029,23.07,-2.9172,6,0,4,0.7200,1.0298,50,0.0,8.21,-0.715686,1,2.9172,17.6493,1.0,-25.03,1,-25.03,1.41,186,steamroller_bsl,1,1
1716,2026.01.22 00:30:40,EURUSD,SELL,4,5,-4.0196,-0.00001,0.00029,23.07,-2.9172,6,0,4,0.7200,1.0298,50,0.0,8.21,-0.715686,1,2.9172,17.6493,1.0,-25.03,1,-25.03,1.41,186,steamroller_bsl,1,1
1716,2026.01.22 00:30:40,EURUSD,SELL,5,5,-4.0196,-0.00001,0.00029,23.07,-2.9172,6,0,4,0.7200,1.0298,50,0.0,8.21,-0.715686,1,2.9172,17.6493,1.0,-25.03,1,-25.03,1.41,186,steamroller_bsl,1,1
1717,2026.01.22 19:16:01,EURUSD,BUY,2,5,8.5590,-0.00001,0.00020,18.40,7.4967,6,19,4,0.7000,0.9346,50,0.0,-4.67,-0.310345,1,7.4967,2.3742,0.0,10.00,0,-4.00,10.00,246,winner,0,0
1717,2026.01.22 19:16:01,EURUSD,BUY,3,5,8.5590,-0.00001,0.00020,18.40,7.4967,6,19,4,0.7000,0.9346,50,0.0,-4.67,-0.310345,1,7.4967,2.3742,0.0,10.00,0,-4.00,10.00,246,winner,0,0
1717,2026.01.22 19:16:01,EURUSD,BUY,4,5,8.5590,-0.00001,0.00020,18.40,7.4967,6,19,4,0.7000,0.9346,50,0.0,-4.67,-0.310345,1,7.4967,2.3742,0.0,10.00,0,-4.00,10.00,246,winner,0,0
1717,2026.01.22 19:16:01,EURUSD,BUY,5,5,8.5590,-0.00001,0.00020,18.40,7.4967,6,19,4,0.7000,0.9346,50,0.0,-4.67,-0.310345,1,7.4967,2.3742,0.0,10.00,0,-4.00,10.00,246,winner,0,0
1718,2026.01.26 00:00:41,EURUSD,BUY,2,2,4.4388,-0.00003,0.00097,28.04,3.4116,6,0,1,0.7200,1.0298,50,-2e-05,9.64,3.85,2,3.4116,59.8329,0.0,10.00,0,-2.64,10.00,192,winner,0,0
1719,2026.01.26 17:30:00,EURUSD,BUY,2,2,3.2740,-0.00007,0.00045,28.36,1.9446,6,17,1,0.7200,1.0297,50,-4e-05,0.32,-0.536082,3,1.9446,3.0262,0.0,10.04,0,-5.30,10.04,226,winner,0,0
1721,2026.01.27 23:07:35,EURUSD,BUY,2,5,11.9132,-0.00001,0.00035,18.00,10.5784,6,23,2,0.7400,1.1399,50,6e-05,-11.52,-0.5,5,10.5784,5.7446,0.0,-25.08,1,-25.08,1.72,116,steamroller_bsl,1,1
1721,2026.01.27 23:07:35,EURUSD,BUY,3,5,11.9132,-0.00001,0.00035,18.00,10.5784,6,23,2,0.7400,1.1399,50,6e-05,-11.52,-0.5,5,10.5784,5.7446,0.0,-25.08,1,-25.08,1.72,116,steamroller_bsl,1,1
1721,2026.01.27 23:07:35,EURUSD,BUY,4,5,11.9132,-0.00001,0.00035,18.00,10.5784,6,23,2,0.7400,1.1399,50,6e-05,-11.52,-0.5,5,10.5784,5.7446,0.0,-25.08,1,-25.08,1.72,116,steamroller_bsl,1,1
1721,2026.01.27 23:07:35,EURUSD,BUY,5,5,11.9132,-0.00001,0.00035,18.00,10.5784,6,23,2,0.7400,1.1399,50,6e-05,-11.52,-0.5,5,10.5784,5.7446,0.0,-25.08,1,-25.08,1.72,116,steamroller_bsl,1,1
1723,2026.02.02 00:00:36,EURUSD,SELL,2,5,-3.1356,-0.00003,0.00056,27.26,-2.2453,6,0,1,0.7400,1.1399,50,-6e-05,11.75,-0.111111,2,2.2453,25.6613,1.0,10.04,0,-6.21,10.04,70,winner,0,0
1723,2026.02.02 00:00:36,EURUSD,SELL,3,5,-3.1356,-0.00003,0.00056,27.26,-2.2453,6,0,1,0.7400,1.1399,50,-6e-05,11.75,-0.111111,2,2.2453,25.6613,1.0,10.04,0,-6.21,10.04,70,winner,0,0
1723,2026.02.02 00:00:36,EURUSD,SELL,4,5,-3.1356,-0.00003,0.00056,27.26,-2.2453,6,0,1,0.7400,1.1399,50,-6e-05,11.75,-0.111111,2,2.2453,25.6613,1.0,10.04,0,-6.21,10.04,70,winner,0,0
1723,2026.02.02 00:00:36,EURUSD,SELL,5,5,-3.1356,-0.00003,0.00056,27.26,-2.2453,6,0,1,0.7400,1.1399,50,-6e-05,11.75,-0.111111,2,2.2453,25.6613,1.0,10.04,0,-6.21,10.04,70,winner,0,0
1724,2026.02.02 07:03:38,EURUSD,SELL,2,3,-1.6414,0.00001,0.00050,15.07,-0.5739,7,7,1,0.7400,1.1400,50,4e-05,-12.19,-0.107143,3,0.5739,2.0435,1.0,10.02,0,-2.61,10.02,78,winner,0,0
1724,2026.02.02 07:03:38,EURUSD,SELL,3,3,-1.6414,0.00001,0.00050,15.07,-0.5739,7,7,1,0.7400,1.1400,50,4e-05,-12.19,-0.107143,3,0.5739,2.0435,1.0,10.02,0,-2.61,10.02,78,winner,0,0
1725,2026.02.02 17:15:00,EURUSD,SELL,2,4,-4.3748,0.00006,0.00048,26.28,-3.2267,6,17,1,0.7400,1.1401,50,5e-05,11.21,-0.04,4,3.2267,25.7267,1.0,10.20,0,-3.24,10.20,558,winner,0,0
1725,2026.02.02 17:15:00,EURUSD,SELL,3,4,-4.3748,0.00006,0.00048,26.28,-3.2267,6,17,1,0.7400,1.1401,50,5e-05,11.21,-0.04,4,3.2267,25.7267,1.0,10.20,0,-3.24,10.20,558,winner,0,0
1725,2026.02.02 17:15:00,EURUSD,SELL,4,4,-4.3748,0.00006,0.00048,26.28,-3.2267,6,17,1,0.7400,1.1401,50,5e-05,11.21,-0.04,4,3.2267,25.7267,1.0,10.20,0,-3.24,10.20,558,winner,0,0
1726,2026.02.04 19:35:00,EURUSD,SELL,2,5,-1.9292,0.00004,0.00033,16.57,-0.9290,6,19,3,0.7600,1.2691,50,-2e-05,-9.71,-0.3125,5,0.929,2.9323,1.0,-25.03,1,-25.03,7.80,718,steamroller_bsl,1,1
1726,2026.02.04 19:35:00,EURUSD,SELL,3,5,-1.9292,0.00004,0.00033,16.57,-0.9290,6,19,3,0.7600,1.2691,50,-2e-05,-9.71,-0.3125,5,0.929,2.9323,1.0,-25.03,1,-25.03,7.80,718,steamroller_bsl,1,1
1726,2026.02.04 19:35:00,EURUSD,SELL,4,5,-1.9292,0.00004,0.00033,16.57,-0.9290,6,19,3,0.7600,1.2691,50,-2e-05,-9.71,-0.3125,5,0.929,2.9323,1.0,-25.03,1,-25.03,7.80,718,steamroller_bsl,1,1
1726,2026.02.04 19:35:00,EURUSD,SELL,5,5,-1.9292,0.00004,0.00033,16.57,-0.9290,6,19,3,0.7600,1.2691,50,-2e-05,-9.71,-0.3125,5,0.929,2.9323,1.0,-25.03,1,-25.03,7.80,718,steamroller_bsl,1,1
1727,2026.02.09 10:31:40,EURUSD,BUY,2,2,4.2883,-0.00002,0.00037,21.11,3.0493,6,10,1,0.7400,1.1408,50,-6e-05,4.54,0.121212,1,3.0493,12.1544,0.0,10.01,0,-0.49,10.01,42,winner,0,0
1728,2026.02.09 16:19:26,EURUSD,BUY,2,5,4.7473,-0.00001,0.00052,20.07,3.5850,6,16,1,0.7400,1.1408,50,1e-05,-1.04,0.405405,2,3.585,6.0503,0.0,-25.00,1,-25.00,5.46,1564,steamroller_bsl,1,1
1728,2026.02.09 16:19:26,EURUSD,BUY,3,5,4.7473,-0.00001,0.00052,20.07,3.5850,6,16,1,0.7400,1.1408,50,1e-05,-1.04,0.405405,2,3.585,6.0503,0.0,-25.00,1,-25.00,5.46,1564,steamroller_bsl,1,1
1728,2026.02.09 16:19:26,EURUSD,BUY,4,5,4.7473,-0.00001,0.00052,20.07,3.5850,6,16,1,0.7400,1.1408,50,1e-05,-1.04,0.405405,2,3.585,6.0503,0.0,-25.00,1,-25.00,5.46,1564,steamroller_bsl,1,1
1728,2026.02.09 16:19:26,EURUSD,BUY,5,5,4.7473,-0.00001,0.00052,20.07,3.5850,6,16,1,0.7400,1.1408,50,1e-05,-1.04,0.405405,2,3.585,6.0503,0.0,-25.00,1,-25.00,5.46,1564,steamroller_bsl,1,1
1729,2026.02.17 06:00:05,EURUSD,SELL,2,5,-1.8641,0.00001,0.00019,20.79,-1.0352,8,6,2,0.7200,1.0309,50,2e-05,0.72,-0.634615,1,1.0352,2.3988,1.0,10.01,0,-2.59,10.01,67,winner,0,0
1729,2026.02.17 06:00:05,EURUSD,SELL,3,5,-1.8641,0.00001,0.00019,20.79,-1.0352,8,6,2,0.7200,1.0309,50,2e-05,0.72,-0.634615,1,1.0352,2.3988,1.0,10.01,0,-2.59,10.01,67,winner,0,0
1729,2026.02.17 06:00:05,EURUSD,SELL,4,5,-1.8641,0.00001,0.00019,20.79,-1.0352,8,6,2,0.7200,1.0309,50,2e-05,0.72,-0.634615,1,1.0352,2.3988,1.0,10.01,0,-2.59,10.01,67,winner,0,0
1729,2026.02.17 06:00:05,EURUSD,SELL,5,5,-1.8641,0.00001,0.00019,20.79,-1.0352,8,6,2,0.7200,1.0309,50,2e-05,0.72,-0.634615,1,1.0352,2.3988,1.0,10.01,0,-2.59,10.01,67,winner,0,0
1730,2026.02.17 23:00:03,EURUSD,BUY,2,5,3.7426,-0.00000,0.00020,12.24,2.6945,6,23,2,0.7400,1.1412,50,-1e-05,-8.55,0.052632,1,2.6945,1.7999,0.0,-25.00,1,-25.00,1.05,232,steamroller_bsl,1,1
1730,2026.02.17 23:00:03,EURUSD,BUY,3,5,3.7426,-0.00000,0.00020,12.24,2.6945,6,23,2,0.7400,1.1412,50,-1e-05,-8.55,0.052632,1,2.6945,1.7999,0.0,-25.00,1,-25.00,1.05,232,steamroller_bsl,1,1
1730,2026.02.17 23:00:03,EURUSD,BUY,4,5,3.7426,-0.00000,0.00020,12.24,2.6945,6,23,2,0.7400,1.1412,50,-1e-05,-8.55,0.052632,1,2.6945,1.7999,0.0,-25.00,1,-25.00,1.05,232,steamroller_bsl,1,1
1730,2026.02.17 23:00:03,EURUSD,BUY,5,5,3.7426,-0.00000,0.00020,12.24,2.6945,6,23,2,0.7400,1.1412,50,-1e-05,-8.55,0.052632,1,2.6945,1.7999,0.0,-25.00,1,-25.00,1.05,232,steamroller_bsl,1,1
1731,2026.02.18 23:00:34,EURUSD,SELL,2,5,-13.2347,0.00000,0.00010,29.20,-11.5872,11,23,3,0.7200,1.0312,50,0.0,16.96,-0.5,1,11.5872,37.3168,1.0,10.00,0,-9.95,10.00,166,winner,0,0
1731,2026.02.18 23:00:34,EURUSD,SELL,3,5,-13.2347,0.00000,0.00010,29.20,-11.5872,11,23,3,0.7200,1.0312,50,0.0,16.96,-0.5,1,11.5872,37.3168,1.0,10.00,0,-9.95,10.00,166,winner,0,0
1731,2026.02.18 23:00:34,EURUSD,SELL,4,5,-13.2347,0.00000,0.00010,29.20,-11.5872,11,23,3,0.7200,1.0312,50,0.0,16.96,-0.5,1,11.5872,37.3168,1.0,10.00,0,-9.95,10.00,166,winner,0,0
1731,2026.02.18 23:00:34,EURUSD,SELL,5,5,-13.2347,0.00000,0.00010,29.20,-11.5872,11,23,3,0.7200,1.0312,50,0.0,16.96,-0.5,1,11.5872,37.3168,1.0,10.00,0,-9.95,10.00,166,winner,0,0
1732,2026.02.19 15:02:23,EURUSD,SELL,2,5,-3.3582,-0.00003,0.00063,26.59,-2.3946,6,15,4,0.7200,1.0311,50,-3e-05,-2.61,5.3,2,2.3946,54.8986,1.0,10.07,0,-23.13,10.07,1804,winner,0,0
1732,2026.02.19 15:02:23,EURUSD,SELL,3,5,-3.3582,-0.00003,0.00063,26.59,-2.3946,6,15,4,0.7200,1.0311,50,-3e-05,-2.61,5.3,2,2.3946,54.8986,1.0,10.07,0,-23.13,10.07,1804,winner,0,0
1732,2026.02.19 15:02:23,EURUSD,SELL,4,5,-3.3582,-0.00003,0.00063,26.59,-2.3946,6,15,4,0.7200,1.0311,50,-3e-05,-2.61,5.3,2,2.3946,54.8986,1.0,10.07,0,-23.13,10.07,1804,winner,0,0
1732,2026.02.19 15:02:23,EURUSD,SELL,5,5,-3.3582,-0.00003,0.00063,26.59,-2.3946,6,15,4,0.7200,1.0311,50,-3e-05,-2.61,5.3,2,2.3946,54.8986,1.0,10.07,0,-23.13,10.07,1804,winner,0,0
1733,2026.03.02 00:59:39,EURUSD,SELL,2,3,-4.5220,-0.00001,0.00048,16.57,-2.9491,6,0,1,0.7200,1.0312,50,2e-05,-10.02,-0.238095,3,2.9491,2.4373,1.0,10.01,0,-3.73,10.01,65,winner,0,0
1733,2026.03.02 00:59:39,EURUSD,SELL,3,3,-4.5220,-0.00001,0.00048,16.57,-2.9491,6,0,1,0.7200,1.0312,50,2e-05,-10.02,-0.238095,3,2.9491,2.4373,1.0,10.01,0,-3.73,10.01,65,winner,0,0
1734,2026.03.02 10:00:31,EURUSD,SELL,2,2,-3.4594,0.00003,0.00053,27.38,-2.3906,6,10,1,0.7400,1.1412,50,4e-05,10.81,0.104167,4,2.3906,25.6593,1.0,10.03,0,-1.69,10.03,69,winner,0,0
1735,2026.03.02 19:01:39,EURUSD,SELL,2,4,-2.7390,-0.00000,0.00043,19.81,-1.7779,6,19,1,0.7600,1.2700,50,-3e-05,-7.57,-0.188679,5,1.7779,3.2445,1.0,10.04,0,-3.48,10.04,14,winner,0,0
1735,2026.03.02 19:01:39,EURUSD,SELL,3,4,-2.7390,-0.00000,0.00043,19.81,-1.7779,6,19,1,0.7600,1.2700,50,-3e-05,-7.57,-0.188679,5,1.7779,3.2445,1.0,10.04,0,-3.48,10.04,14,winner,0,0
1735,2026.03.02 19:01:39,EURUSD,SELL,4,4,-2.7390,-0.00000,0.00043,19.81,-1.7779,6,19,1,0.7600,1.2700,50,-3e-05,-7.57,-0.188679,5,1.7779,3.2445,1.0,10.04,0,-3.48,10.04,14,winner,0,0
1736,2026.03.02 23:00:55,EURUSD,SELL,2,5,-3.6505,-0.00002,0.00026,28.05,-2.6459,6,23,1,0.7600,1.2696,50,-2e-05,8.24,-0.395349,6,2.6459,20.3415,1.0,10.04,0,-5.91,10.04,78,winner,0,0
1736,2026.03.02 23:00:55,EURUSD,SELL,3,5,-3.6505,-0.00002,0.00026,28.05,-2.6459,6,23,1,0.7600,1.2696,50,-2e-05,8.24,-0.395349,6,2.6459,20.3415,1.0,10.04,0,-5.91,10.04,78,winner,0,0
1736,2026.03.02 23:00:55,EURUSD,SELL,4,5,-3.6505,-0.00002,0.00026,28.05,-2.6459,6,23,1,0.7600,1.2696,50,-2e-05,8.24,-0.395349,6,2.6459,20.3415,1.0,10.04,0,-5.91,10.04,78,winner,0,0
1736,2026.03.02 23:00:55,EURUSD,SELL,5,5,-3.6505,-0.00002,0.00026,28.05,-2.6459,6,23,1,0.7600,1.2696,50,-2e-05,8.24,-0.395349,6,2.6459,20.3415,1.0,10.04,0,-5.91,10.04,78,winner,0,0
1737,2026.03.03 12:11:41,EURUSD,SELL,2,2,-5.0477,0.00003,0.00068,24.79,-4.0694,6,12,2,0.7600,1.2697,50,5e-05,-3.26,1.615385,7,4.0694,21.1712,1.0,10.00,0,-1.78,10.00,35,winner,0,0
1738,2026.03.03 16:06:32,EURUSD,SELL,2,4,-2.5002,0.00008,0.00113,28.56,-1.4534,6,16,2,0.7600,1.2696,50,5e-05,3.77,0.661765,8,1.4534,19.021,1.0,10.01,0,-10.03,10.01,111,winner,0,0
1738,2026.03.03 16:06:32,EURUSD,SELL,3,4,-2.5002,0.00008,0.00113,28.56,-1.4534,6,16,2,0.7600,1.2696,50,5e-05,3.77,0.661765,8,1.4534,19.021,1.0,10.01,0,-10.03,10.01,111,winner,0,0
1738,2026.03.03 16:06:32,EURUSD,SELL,4,4,-2.5002,0.00008,0.00113,28.56,-1.4534,6,16,2,0.7600,1.2696,50,5e-05,3.77,0.661765,8,1.4534,19.021,1.0,10.01,0,-10.03,10.01,111,winner,0,0
1739,2026.03.04 02:13:04,EURUSD,SELL,2,5,-1.8352,0.00001,0.00051,25.79,-0.7505,6,2,3,0.7800,1.4213,50,-7e-05,-2.77,-0.548673,9,0.7505,5.3876,1.0,10.04,0,-19.37,10.04,334,winner,0,0
1739,2026.03.04 02:13:04,EURUSD,SELL,3,5,-1.8352,0.00001,0.00051,25.79,-0.7505,6,2,3,0.7800,1.4213,50,-7e-05,-2.77,-0.548673,9,0.7505,5.3876,1.0,10.04,0,-19.37,10.04,334,winner,0,0
1739,2026.03.04 02:13:04,EURUSD,SELL,4,5,-1.8352,0.00001,0.00051,25.79,-0.7505,6,2,3,0.7800,1.4213,50,-7e-05,-2.77,-0.548673,9,0.7505,5.3876,1.0,10.04,0,-19.37,10.04,334,winner,0,0
1739,2026.03.04 02:13:04,EURUSD,SELL,5,5,-1.8352,0.00001,0.00051,25.79,-0.7505,6,2,3,0.7800,1.4213,50,-7e-05,-2.77,-0.548673,9,0.7505,5.3876,1.0,10.04,0,-19.37,10.04,334,winner,0,0
1740,2026.03.05 09:03:39,EURUSD,SELL,2,5,-1.9536,0.00002,0.00065,25.08,-0.9643,6,9,4,0.7800,1.4202,50,1e-05,-0.71,0.27451,10,0.9643,8.0862,1.0,10.02,0,-14.88,10.02,57,winner,0,0
1740,2026.03.05 09:03:39,EURUSD,SELL,3,5,-1.9536,0.00002,0.00065,25.08,-0.9643,6,9,4,0.7800,1.4202,50,1e-05,-0.71,0.27451,10,0.9643,8.0862,1.0,10.02,0,-14.88,10.02,57,winner,0,0
1740,2026.03.05 09:03:39,EURUSD,SELL,4,5,-1.9536,0.00002,0.00065,25.08,-0.9643,6,9,4,0.7800,1.4202,50,1e-05,-0.71,0.27451,10,0.9643,8.0862,1.0,10.02,0,-14.88,10.02,57,winner,0,0
1740,2026.03.05 09:03:39,EURUSD,SELL,5,5,-1.9536,0.00002,0.00065,25.08,-0.9643,6,9,4,0.7800,1.4202,50,1e-05,-0.71,0.27451,10,0.9643,8.0862,1.0,10.02,0,-14.88,10.02,57,winner,0,0
1741,2026.03.05 17:02:42,EURUSD,SELL,2,4,-2.2794,0.00006,0.00081,23.82,-1.4554,6,17,4,0.7800,1.4202,50,4e-05,-1.26,0.246154,11,1.4554,8.7254,1.0,10.00,0,-9.52,10.00,201,winner,0,0
1741,2026.03.05 17:02:42,EURUSD,SELL,3,4,-2.2794,0.00006,0.00081,23.82,-1.4554,6,17,4,0.7800,1.4202,50,4e-05,-1.26,0.246154,11,1.4554,8.7254,1.0,10.00,0,-9.52,10.00,201,winner,0,0
1741,2026.03.05 17:02:42,EURUSD,SELL,4,4,-2.2794,0.00006,0.00081,23.82,-1.4554,6,17,4,0.7800,1.4202,50,4e-05,-1.26,0.246154,11,1.4554,8.7254,1.0,10.00,0,-9.52,10.00,201,winner,0,0
1742,2026.03.06 13:30:13,EURUSD,SELL,2,5,-3.4398,-0.00004,0.00058,20.72,-2.3513,5,13,5,0.7800,1.4201,50,-0.0001,-3.1,-0.283951,12,2.3513,7.5878,1.0,10.03,0,-6.22,10.03,4,winner,0,0
1742,2026.03.06 13:30:13,EURUSD,SELL,3,5,-3.4398,-0.00004,0.00058,20.72,-2.3513,5,13,5,0.7800,1.4201,50,-0.0001,-3.1,-0.283951,12,2.3513,7.5878,1.0,10.03,0,-6.22,10.03,4,winner,0,0
1742,2026.03.06 13:30:13,EURUSD,SELL,4,5,-3.4398,-0.00004,0.00058,20.72,-2.3513,5,13,5,0.7800,1.4201,50,-0.0001,-3.1,-0.283951,12,2.3513,7.5878,1.0,10.03,0,-6.22,10.03,4,winner,0,0
1742,2026.03.06 13:30:13,EURUSD,SELL,5,5,-3.4398,-0.00004,0.00058,20.72,-2.3513,5,13,5,0.7800,1.4201,50,-0.0001,-3.1,-0.283951,12,2.3513,7.5878,1.0,10.03,0,-6.22,10.03,4,winner,0,0
1743,2026.03.06 14:52:43,EURUSD,SELL,2,3,-1.3921,0.00003,0.00109,21.60,-0.4362,6,14,5,0.7800,1.4201,50,7e-05,0.88,0.87931,13,0.4362,17.8622,1.0,11.33,0,-11.02,11.33,86,winner,0,0
1743,2026.03.06 14:52:43,EURUSD,SELL,3,3,-1.3921,0.00003,0.00109,21.60,-0.4362,6,14,5,0.7800,1.4201,50,7e-05,0.88,0.87931,13,0.4362,17.8622,1.0,11.33,0,-11.02,11.33,86,winner,0,0
1744,2026.03.08 21:10:30,EURUSD,BUY,2,5,0.2591,-0.00058,0.00087,23.75,-5.4463,25,21,0,0.8000,1.6073,50,-0.00061,2.15,-0.201835,1,5.4463,12.2616,0.0,10.09,0,-23.36,10.09,195,winner,0,0
1744,2026.03.08 21:10:30,EURUSD,BUY,3,5,0.2591,-0.00058,0.00087,23.75,-5.4463,25,21,0,0.8000,1.6073,50,-0.00061,2.15,-0.201835,1,5.4463,12.2616,0.0,10.09,0,-23.36,10.09,195,winner,0,0
1744,2026.03.08 21:10:30,EURUSD,BUY,4,5,0.2591,-0.00058,0.00087,23.75,-5.4463,25,21,0,0.8000,1.6073,50,-0.00061,2.15,-0.201835,1,5.4463,12.2616,0.0,10.09,0,-23.36,10.09,195,winner,0,0
1744,2026.03.08 21:10:30,EURUSD,BUY,5,5,0.2591,-0.00058,0.00087,23.75,-5.4463,25,21,0,0.8000,1.6073,50,-0.00061,2.15,-0.201835,1,5.4463,12.2616,0.0,10.09,0,-23.36,10.09,195,winner,0,0
1745,2026.03.09 14:06:18,EURUSD,BUY,2,3,1.9029,0.00007,0.00072,16.27,0.8172,6,14,1,0.8000,1.6075,50,0.00065,-7.48,-0.172414,2,0.8172,7.7043,0.0,10.01,0,-2.77,10.01,21,winner,0,0
1745,2026.03.09 14:06:18,EURUSD,BUY,3,3,1.9029,0.00007,0.00072,16.27,0.8172,6,14,1,0.8000,1.6075,50,0.00065,-7.48,-0.172414,2,0.8172,7.7043,0.0,10.01,0,-2.77,10.01,21,winner,0,0
1746,2026.03.09 17:56:00,EURUSD,BUY,2,2,3.4426,-0.00004,0.00038,26.30,2.2248,6,17,1,0.8000,1.6075,50,-0.00011,10.03,-0.472222,3,2.2248,23.2162,0.0,10.05,0,-0.95,10.05,22,winner,0,0
1747,2026.03.09 23:02:30,EURUSD,BUY,2,3,4.1616,0.00001,0.00056,29.42,3.0573,7,23,1,0.8200,1.8307,50,5e-05,3.12,0.473684,4,3.0573,14.2412,0.0,10.02,0,-3.45,10.02,104,winner,0,0
1747,2026.03.09 23:02:30,EURUSD,BUY,3,3,4.1616,0.00001,0.00056,29.42,3.0573,7,23,1,0.8200,1.8307,50,5e-05,3.12,0.473684,4,3.0573,14.2412,0.0,10.02,0,-3.45,10.02,104,winner,0,0
1748,2026.03.10 10:02:15,EURUSD,BUY,2,5,3.2276,-0.00001,0.00052,18.64,2.1816,6,10,2,0.8200,1.8308,50,-2e-05,-10.78,-0.071429,5,2.1816,3.2454,0.0,10.04,0,-8.26,10.04,85,winner,0,0
1748,2026.03.10 10:02:15,EURUSD,BUY,3,5,3.2276,-0.00001,0.00052,18.64,2.1816,6,10,2,0.8200,1.8308,50,-2e-05,-10.78,-0.071429,5,2.1816,3.2454,0.0,10.04,0,-8.26,10.04,85,winner,0,0
1748,2026.03.10 10:02:15,EURUSD,BUY,4,5,3.2276,-0.00001,0.00052,18.64,2.1816,6,10,2,0.8200,1.8308,50,-2e-05,-10.78,-0.071429,5,2.1816,3.2454,0.0,10.04,0,-8.26,10.04,85,winner,0,0
1748,2026.03.10 10:02:15,EURUSD,BUY,5,5,3.2276,-0.00001,0.00052,18.64,2.1816,6,10,2,0.8200,1.8308,50,-2e-05,-10.78,-0.071429,5,2.1816,3.2454,0.0,10.04,0,-8.26,10.04,85,winner,0,0
1749,2026.03.10 17:38:28,EURUSD,BUY,2,5,1.4614,-0.00001,0.00063,20.77,0.4440,6,17,2,0.8200,1.8309,50,0.0,2.13,0.211538,6,0.444,9.4864,0.0,-25.18,1,-25.18,4.77,229,steamroller_bsl,1,1
1749,2026.03.10 17:38:28,EURUSD,BUY,3,5,1.4614,-0.00001,0.00063,20.77,0.4440,6,17,2,0.8200,1.8309,50,0.0,2.13,0.211538,6,0.444,9.4864,0.0,-25.18,1,-25.18,4.77,229,steamroller_bsl,1,1
1749,2026.03.10 17:38:28,EURUSD,BUY,4,5,1.4614,-0.00001,0.00063,20.77,0.4440,6,17,2,0.8200,1.8309,50,0.0,2.13,0.211538,6,0.444,9.4864,0.0,-25.18,1,-25.18,4.77,229,steamroller_bsl,1,1
1749,2026.03.10 17:38:28,EURUSD,BUY,5,5,1.4614,-0.00001,0.00063,20.77,0.4440,6,17,2,0.8200,1.8309,50,0.0,2.13,0.211538,6,0.444,9.4864,0.0,-25.18,1,-25.18,4.77,229,steamroller_bsl,1,1
1750,2026.03.11 14:00:29,EURUSD,SELL,2,3,-2.3137,0.00003,0.00062,16.42,-1.3412,6,14,3,0.8200,1.8299,50,4e-05,-4.35,-0.015873,1,1.3412,1.2353,1.0,10.02,0,-3.57,10.02,23,winner,0,0
1750,2026.03.11 14:00:29,EURUSD,SELL,3,3,-2.3137,0.00003,0.00062,16.42,-1.3412,6,14,3,0.8200,1.8299,50,4e-05,-4.35,-0.015873,1,1.3412,1.2353,1.0,10.02,0,-3.57,10.02,23,winner,0,0
1752,2026.03.13 10:03:26,EURUSD,SELL,2,5,-5.1662,-0.00001,0.00050,21.19,-3.9319,6,10,5,0.8200,1.8295,50,-3e-05,6.07,1.0,3,3.9319,24.923,1.0,10.12,0,-8.63,10.12,61,winner,0,0
1752,2026.03.13 10:03:26,EURUSD,SELL,3,5,-5.1662,-0.00001,0.00050,21.19,-3.9319,6,10,5,0.8200,1.8295,50,-3e-05,6.07,1.0,3,3.9319,24.923,1.0,10.12,0,-8.63,10.12,61,winner,0,0
1752,2026.03.13 10:03:26,EURUSD,SELL,4,5,-5.1662,-0.00001,0.00050,21.19,-3.9319,6,10,5,0.8200,1.8295,50,-3e-05,6.07,1.0,3,3.9319,24.923,1.0,10.12,0,-8.63,10.12,61,winner,0,0
1752,2026.03.13 10:03:26,EURUSD,SELL,5,5,-5.1662,-0.00001,0.00050,21.19,-3.9319,6,10,5,0.8200,1.8295,50,-3e-05,6.07,1.0,3,3.9319,24.923,1.0,10.12,0,-8.63,10.12,61,winner,0,0
1753,2026.03.16 04:17:38,EURUSD,BUY,2,5,3.0923,-0.00001,0.00020,25.11,1.6184,6,4,1,0.8200,1.8299,50,0.0,3.92,-0.6,1,1.6184,8.7446,0.0,10.03,0,-14.07,10.03,72,winner,0,0
1753,2026.03.16 04:17:38,EURUSD,BUY,3,5,3.0923,-0.00001,0.00020,25.11,1.6184,6,4,1,0.8200,1.8299,50,0.0,3.92,-0.6,1,1.6184,8.7446,0.0,10.03,0,-14.07,10.03,72,winner,0,0
1753,2026.03.16 04:17:38,EURUSD,BUY,4,5,3.0923,-0.00001,0.00020,25.11,1.6184,6,4,1,0.8200,1.8299,50,0.0,3.92,-0.6,1,1.6184,8.7446,0.0,10.03,0,-14.07,10.03,72,winner,0,0
1753,2026.03.16 04:17:38,EURUSD,BUY,5,5,3.0923,-0.00001,0.00020,25.11,1.6184,6,4,1,0.8200,1.8299,50,0.0,3.92,-0.6,1,1.6184,8.7446,0.0,10.03,0,-14.07,10.03,72,winner,0,0
1754,2026.03.16 15:51:12,EURUSD,BUY,2,3,4.8084,0.00002,0.00038,29.87,3.5706,6,15,1,0.8200,1.8301,50,3e-05,4.76,0.9,2,3.5706,20.7127,0.0,10.02,0,-2.22,10.02,31,winner,0,0
1754,2026.03.16 15:51:12,EURUSD,BUY,3,3,4.8084,0.00002,0.00038,29.87,3.5706,6,15,1,0.8200,1.8301,50,3e-05,4.76,0.9,2,3.5706,20.7127,0.0,10.02,0,-2.22,10.02,31,winner,0,0
1755,2026.03.16 19:45:33,EURUSD,BUY,2,5,4.7022,-0.00003,0.00043,26.19,3.8298,6,19,1,0.8200,1.8302,50,-5e-05,-3.68,0.131579,3,3.8298,4.2732,0.0,10.10,0,-18.55,10.10,163,winner,0,0
1755,2026.03.16 19:45:33,EURUSD,BUY,3,5,4.7022,-0.00003,0.00043,26.19,3.8298,6,19,1,0.8200,1.8302,50,-5e-05,-3.68,0.131579,3,3.8298,4.2732,0.0,10.10,0,-18.55,10.10,163,winner,0,0
1755,2026.03.16 19:45:33,EURUSD,BUY,4,5,4.7022,-0.00003,0.00043,26.19,3.8298,6,19,1,0.8200,1.8302,50,-5e-05,-3.68,0.131579,3,3.8298,4.2732,0.0,10.10,0,-18.55,10.10,163,winner,0,0
1755,2026.03.16 19:45:33,EURUSD,BUY,5,5,4.7022,-0.00003,0.00043,26.19,3.8298,6,19,1,0.8200,1.8302,50,-5e-05,-3.68,0.131579,3,3.8298,4.2732,0.0,10.10,0,-18.55,10.10,163,winner,0,0
1756,2026.03.17 11:57:38,EURUSD,BUY,2,5,2.5601,-0.00002,0.00034,21.06,1.1866,6,11,2,0.8200,1.8301,50,1e-05,-5.13,-0.209302,4,1.1866,2.3967,0.0,10.09,0,-24.86,10.09,594,winner,0,0
1756,2026.03.17 11:57:38,EURUSD,BUY,3,5,2.5601,-0.00002,0.00034,21.06,1.1866,6,11,2,0.8200,1.8301,50,1e-05,-5.13,-0.209302,4,1.1866,2.3967,0.0,10.09,0,-24.86,10.09,594,winner,0,0
1756,2026.03.17 11:57:38,EURUSD,BUY,4,5,2.5601,-0.00002,0.00034,21.06,1.1866,6,11,2,0.8200,1.8301,50,1e-05,-5.13,-0.209302,4,1.1866,2.3967,0.0,10.09,0,-24.86,10.09,594,winner,0,0
1756,2026.03.17 11:57:38,EURUSD,BUY,5,5,2.5601,-0.00002,0.00034,21.06,1.1866,6,11,2,0.8200,1.8301,50,1e-05,-5.13,-0.209302,4,1.1866,2.3967,0.0,10.09,0,-24.86,10.09,594,winner,0,0
1758,2026.03.19 21:55:59,EURUSD,BUY,2,5,21.8017,0.00001,0.00014,20.76,19.6802,14,21,4,0.8200,1.8302,50,5e-05,-5.87,-0.822785,6,19.6802,8.42,0.0,-25.12,1,-25.12,1.16,197,steamroller_bsl,1,1
1758,2026.03.19 21:55:59,EURUSD,BUY,3,5,21.8017,0.00001,0.00014,20.76,19.6802,14,21,4,0.8200,1.8302,50,5e-05,-5.87,-0.822785,6,19.6802,8.42,0.0,-25.12,1,-25.12,1.16,197,steamroller_bsl,1,1
1758,2026.03.19 21:55:59,EURUSD,BUY,4,5,21.8017,0.00001,0.00014,20.76,19.6802,14,21,4,0.8200,1.8302,50,5e-05,-5.87,-0.822785,6,19.6802,8.42,0.0,-25.12,1,-25.12,1.16,197,steamroller_bsl,1,1
1758,2026.03.19 21:55:59,EURUSD,BUY,5,5,21.8017,0.00001,0.00014,20.76,19.6802,14,21,4,0.8200,1.8302,50,5e-05,-5.87,-0.822785,6,19.6802,8.42,0.0,-25.12,1,-25.12,1.16,197,steamroller_bsl,1,1
1759,2026.03.20 16:02:42,EURUSD,SELL,2,3,-1.4611,-0.00001,0.00073,29.28,-0.5456,6,16,5,0.8200,1.8292,50,-2e-05,8.52,4.214286,1,0.5456,60.0193,1.0,10.01,0,-4.99,10.01,171,winner,0,0
1759,2026.03.20 16:02:42,EURUSD,SELL,3,3,-1.4611,-0.00001,0.00073,29.28,-0.5456,6,16,5,0.8200,1.8292,50,-2e-05,8.52,4.214286,1,0.5456,60.0193,1.0,10.01,0,-4.99,10.01,171,winner,0,0
1760,2026.03.23 07:36:43,EURUSD,SELL,2,3,-2.4348,0.00002,0.00048,28.44,-1.7087,6,7,1,0.8200,1.8292,50,3e-05,-0.84,-0.342466,2,1.7087,1.7272,1.0,10.01,0,-2.41,10.01,25,winner,0,0
1760,2026.03.23 07:36:43,EURUSD,SELL,3,3,-2.4348,0.00002,0.00048,28.44,-1.7087,6,7,1,0.8200,1.8292,50,3e-05,-0.84,-0.342466,2,1.7087,1.7272,1.0,10.01,0,-2.41,10.01,25,winner,0,0
1761,2026.03.23 15:38:31,EURUSD,BUY,2,3,3.7639,-0.00007,0.00101,24.90,2.5850,6,15,1,0.8200,1.8292,50,-9e-05,-3.54,1.104167,1,2.585,13.0879,0.0,10.01,0,-4.06,10.01,35,winner,0,0
1761,2026.03.23 15:38:31,EURUSD,BUY,3,3,3.7639,-0.00007,0.00101,24.90,2.5850,6,15,1,0.8200,1.8292,50,-9e-05,-3.54,1.104167,1,2.585,13.0879,0.0,10.01,0,-4.06,10.01,35,winner,0,0
1762,2026.03.23 22:05:01,EURUSD,BUY,2,5,7.5311,-0.00003,0.00013,29.55,5.9726,7,22,1,0.8200,1.8292,50,4e-05,4.65,-0.871287,2,5.9726,12.1932,0.0,-25.04,1,-25.04,4.46,228,steamroller_bsl,1,1
1762,2026.03.23 22:05:01,EURUSD,BUY,3,5,7.5311,-0.00003,0.00013,29.55,5.9726,7,22,1,0.8200,1.8292,50,4e-05,4.65,-0.871287,2,5.9726,12.1932,0.0,-25.04,1,-25.04,4.46,228,steamroller_bsl,1,1
1762,2026.03.23 22:05:01,EURUSD,BUY,4,5,7.5311,-0.00003,0.00013,29.55,5.9726,7,22,1,0.8200,1.8292,50,4e-05,4.65,-0.871287,2,5.9726,12.1932,0.0,-25.04,1,-25.04,4.46,228,steamroller_bsl,1,1
1762,2026.03.23 22:05:01,EURUSD,BUY,5,5,7.5311,-0.00003,0.00013,29.55,5.9726,7,22,1,0.8200,1.8292,50,4e-05,4.65,-0.871287,2,5.9726,12.1932,0.0,-25.04,1,-25.04,4.46,228,steamroller_bsl,1,1
1763,2026.03.24 17:55:39,EURUSD,SELL,2,5,-1.5932,-0.00007,0.00063,14.34,-0.5165,6,17,2,0.8000,1.6065,50,-4e-05,-15.21,3.846154,1,0.5165,39.4907,1.0,10.03,0,-13.57,10.03,239,winner,0,0
1763,2026.03.24 17:55:39,EURUSD,SELL,3,5,-1.5932,-0.00007,0.00063,14.34,-0.5165,6,17,2,0.8000,1.6065,50,-4e-05,-15.21,3.846154,1,0.5165,39.4907,1.0,10.03,0,-13.57,10.03,239,winner,0,0
1763,2026.03.24 17:55:39,EURUSD,SELL,4,5,-1.5932,-0.00007,0.00063,14.34,-0.5165,6,17,2,0.8000,1.6065,50,-4e-05,-15.21,3.846154,1,0.5165,39.4907,1.0,10.03,0,-13.57,10.03,239,winner,0,0
1763,2026.03.24 17:55:39,EURUSD,SELL,5,5,-1.5932,-0.00007,0.00063,14.34,-0.5165,6,17,2,0.8000,1.6065,50,-4e-05,-15.21,3.846154,1,0.5165,39.4907,1.0,10.03,0,-13.57,10.03,239,winner,0,0
1765,2026.03.30 11:26:26,EURUSD,SELL,2,2,-2.4102,0.00000,0.00032,16.17,-1.3815,6,11,1,0.8200,1.8291,50,-3e-05,-9.19,-0.507692,3,1.3815,2.1454,1.0,10.12,0,-0.78,10.12,45,winner,0,0
1766,2026.03.30 16:47:39,EURUSD,SELL,2,5,-5.0930,0.00003,0.00037,21.16,-4.0926,6,16,1,0.8400,2.1089,50,3e-05,4.99,0.15625,4,4.0926,14.8656,1.0,-25.22,1,-25.22,4.27,245,steamroller_bsl,1,1
1766,2026.03.30 16:47:39,EURUSD,SELL,3,5,-5.0930,0.00003,0.00037,21.16,-4.0926,6,16,1,0.8400,2.1089,50,3e-05,4.99,0.15625,4,4.0926,14.8656,1.0,-25.22,1,-25.22,4.27,245,steamroller_bsl,1,1
1766,2026.03.30 16:47:39,EURUSD,SELL,4,5,-5.0930,0.00003,0.00037,21.16,-4.0926,6,16,1,0.8400,2.1089,50,3e-05,4.99,0.15625,4,4.0926,14.8656,1.0,-25.22,1,-25.22,4.27,245,steamroller_bsl,1,1
1766,2026.03.30 16:47:39,EURUSD,SELL,5,5,-5.0930,0.00003,0.00037,21.16,-4.0926,6,16,1,0.8400,2.1089,50,3e-05,4.99,0.15625,4,4.0926,14.8656,1.0,-25.22,1,-25.22,4.27,245,steamroller_bsl,1,1
1768,2026.04.01 16:11:30,EURUSD,BUY,2,5,2.2094,-0.00001,0.00044,22.66,1.0316,6,16,3,0.8400,2.1069,50,0.0,-2.24,-0.435897,2,1.0316,1.2579,0.0,-25.06,1,-25.06,3.19,111,steamroller_bsl,1,1
1768,2026.04.01 16:11:30,EURUSD,BUY,3,5,2.2094,-0.00001,0.00044,22.66,1.0316,6,16,3,0.8400,2.1069,50,0.0,-2.24,-0.435897,2,1.0316,1.2579,0.0,-25.06,1,-25.06,3.19,111,steamroller_bsl,1,1
1768,2026.04.01 16:11:30,EURUSD,BUY,4,5,2.2094,-0.00001,0.00044,22.66,1.0316,6,16,3,0.8400,2.1069,50,0.0,-2.24,-0.435897,2,1.0316,1.2579,0.0,-25.06,1,-25.06,3.19,111,steamroller_bsl,1,1
1768,2026.04.01 16:11:30,EURUSD,BUY,5,5,2.2094,-0.00001,0.00044,22.66,1.0316,6,16,3,0.8400,2.1069,50,0.0,-2.24,-0.435897,2,1.0316,1.2579,0.0,-25.06,1,-25.06,3.19,111,steamroller_bsl,1,1
1769,2026.04.02 06:46:37,EURUSD,SELL,2,5,-4.7880,0.00002,0.00047,25.98,-3.9611,6,6,4,0.8200,1.8287,50,3e-05,3.32,0.068182,1,3.9611,9.1121,1.0,10.03,0,-11.72,10.03,348,winner,0,0
1769,2026.04.02 06:46:37,EURUSD,SELL,3,5,-4.7880,0.00002,0.00047,25.98,-3.9611,6,6,4,0.8200,1.8287,50,3e-05,3.32,0.068182,1,3.9611,9.1121,1.0,10.03,0,-11.72,10.03,348,winner,0,0
1769,2026.04.02 06:46:37,EURUSD,SELL,4,5,-4.7880,0.00002,0.00047,25.98,-3.9611,6,6,4,0.8200,1.8287,50,3e-05,3.32,0.068182,1,3.9611,9.1121,1.0,10.03,0,-11.72,10.03,348,winner,0,0
1769,2026.04.02 06:46:37,EURUSD,SELL,5,5,-4.7880,0.00002,0.00047,25.98,-3.9611,6,6,4,0.8200,1.8287,50,3e-05,3.32,0.068182,1,3.9611,9.1121,1.0,10.03,0,-11.72,10.03,348,winner,0,0
1770,2026.04.03 20:09:36,EURUSD,SELL,2,5,-15.0338,-0.00001,0.00005,29.18,-13.2172,5,20,5,0.8200,1.8287,50,-3e-05,3.2,-0.893617,2,13.2172,11.0043,1.0,-25.04,1,-25.04,5.71,133,steamroller_bsl,1,1
1770,2026.04.03 20:09:36,EURUSD,SELL,3,5,-15.0338,-0.00001,0.00005,29.18,-13.2172,5,20,5,0.8200,1.8287,50,-3e-05,3.2,-0.893617,2,13.2172,11.0043,1.0,-25.04,1,-25.04,5.71,133,steamroller_bsl,1,1
1770,2026.04.03 20:09:36,EURUSD,SELL,4,5,-15.0338,-0.00001,0.00005,29.18,-13.2172,5,20,5,0.8200,1.8287,50,-3e-05,3.2,-0.893617,2,13.2172,11.0043,1.0,-25.04,1,-25.04,5.71,133,steamroller_bsl,1,1
1770,2026.04.03 20:09:36,EURUSD,SELL,5,5,-15.0338,-0.00001,0.00005,29.18,-13.2172,5,20,5,0.8200,1.8287,50,-3e-05,3.2,-0.893617,2,13.2172,11.0043,1.0,-25.04,1,-25.04,5.71,133,steamroller_bsl,1,1
1771,2026.04.06 09:54:38,EURUSD,BUY,2,5,6.9143,0.00003,0.00026,13.31,5.4902,6,9,1,0.8000,1.6061,50,4e-05,-15.87,4.2,1,5.4902,44.2725,0.0,10.04,0,-4.91,10.04,55,winner,0,0
1771,2026.04.06 09:54:38,EURUSD,BUY,3,5,6.9143,0.00003,0.00026,13.31,5.4902,6,9,1,0.8000,1.6061,50,4e-05,-15.87,4.2,1,5.4902,44.2725,0.0,10.04,0,-4.91,10.04,55,winner,0,0
1771,2026.04.06 09:54:38,EURUSD,BUY,4,5,6.9143,0.00003,0.00026,13.31,5.4902,6,9,1,0.8000,1.6061,50,4e-05,-15.87,4.2,1,5.4902,44.2725,0.0,10.04,0,-4.91,10.04,55,winner,0,0
1771,2026.04.06 09:54:38,EURUSD,BUY,5,5,6.9143,0.00003,0.00026,13.31,5.4902,6,9,1,0.8000,1.6061,50,4e-05,-15.87,4.2,1,5.4902,44.2725,0.0,10.04,0,-4.91,10.04,55,winner,0,0
1772,2026.04.06 17:32:13,EURUSD,SELL,2,3,-0.7930,0.00001,0.00034,22.51,0.0245,6,17,1,0.8200,1.8291,50,-2e-05,9.2,0.307692,1,0.0245,22.183,1.0,-25.03,1,-25.03,7.19,348,steamroller_bsl,1,1
1772,2026.04.06 17:32:13,EURUSD,SELL,3,3,-0.7930,0.00001,0.00034,22.51,0.0245,6,17,1,0.8200,1.8291,50,-2e-05,9.2,0.307692,1,0.0245,22.183,1.0,-25.03,1,-25.03,7.19,348,steamroller_bsl,1,1
1773,2026.04.08 02:24:27,EURUSD,BUY,2,2,7.0697,-0.00003,0.00052,21.48,5.8086,6,2,3,0.8000,1.6065,50,-4e-05,-1.03,0.529412,1,5.8086,7.6463,0.0,10.03,0,-2.72,10.03,465,winner,0,0
1774,2026.04.09 19:55:47,EURUSD,BUY,2,4,2.4267,-0.00000,0.00029,28.66,1.3934,6,19,4,0.8000,1.6064,50,3e-05,7.18,-0.442308,2,1.3934,16.0084,0.0,10.02,0,-8.34,10.02,198,winner,0,0
1774,2026.04.09 19:55:47,EURUSD,BUY,3,4,2.4267,-0.00000,0.00029,28.66,1.3934,6,19,4,0.8000,1.6064,50,3e-05,7.18,-0.442308,2,1.3934,16.0084,0.0,10.02,0,-8.34,10.02,198,winner,0,0
1774,2026.04.09 19:55:47,EURUSD,BUY,4,4,2.4267,-0.00000,0.00029,28.66,1.3934,6,19,4,0.8000,1.6064,50,3e-05,7.18,-0.442308,2,1.3934,16.0084,0.0,10.02,0,-8.34,10.02,198,winner,0,0
1775,2026.04.10 14:54:38,EURUSD,BUY,2,5,3.3237,-0.00003,0.00048,28.34,2.2714,6,14,5,0.8000,1.6064,50,-3e-05,-0.32,0.655172,3,2.2714,8.9196,0.0,10.02,0,-17.66,10.02,311,winner,0,0
1775,2026.04.10 14:54:38,EURUSD,BUY,3,5,3.3237,-0.00003,0.00048,28.34,2.2714,6,14,5,0.8000,1.6064,50,-3e-05,-0.32,0.655172,3,2.2714,8.9196,0.0,10.02,0,-17.66,10.02,311,winner,0,0
1775,2026.04.10 14:54:38,EURUSD,BUY,4,5,3.3237,-0.00003,0.00048,28.34,2.2714,6,14,5,0.8000,1.6064,50,-3e-05,-0.32,0.655172,3,2.2714,8.9196,0.0,10.02,0,-17.66,10.02,311,winner,0,0
1775,2026.04.10 14:54:38,EURUSD,BUY,5,5,3.3237,-0.00003,0.00048,28.34,2.2714,6,14,5,0.8000,1.6064,50,-3e-05,-0.32,0.655172,3,2.2714,8.9196,0.0,10.02,0,-17.66,10.02,311,winner,0,0
1776,2026.04.14 01:53:33,EURUSD,BUY,2,3,4.6822,-0.00001,0.00022,12.68,3.6506,6,1,2,0.8000,1.6057,50,2e-05,-15.66,-0.541667,4,3.6506,3.1127,0.0,10.00,0,-1.16,10.00,63,winner,0,0
1776,2026.04.14 01:53:33,EURUSD,BUY,3,3,4.6822,-0.00001,0.00022,12.68,3.6506,6,1,2,0.8000,1.6057,50,2e-05,-15.66,-0.541667,4,3.6506,3.1127,0.0,10.00,0,-1.16,10.00,63,winner,0,0
1777,2026.04.14 14:07:29,EURUSD,BUY,2,5,2.5384,-0.00001,0.00043,21.03,1.3703,6,14,2,0.8200,1.8281,50,0.0,8.35,0.954545,5,1.3703,29.088,0.0,10.00,0,-7.90,10.00,844,winner,0,0
1777,2026.04.14 14:07:29,EURUSD,BUY,3,5,2.5384,-0.00001,0.00043,21.03,1.3703,6,14,2,0.8200,1.8281,50,0.0,8.35,0.954545,5,1.3703,29.088,0.0,10.00,0,-7.90,10.00,844,winner,0,0
1777,2026.04.14 14:07:29,EURUSD,BUY,4,5,2.5384,-0.00001,0.00043,21.03,1.3703,6,14,2,0.8200,1.8281,50,0.0,8.35,0.954545,5,1.3703,29.088,0.0,10.00,0,-7.90,10.00,844,winner,0,0
1777,2026.04.14 14:07:29,EURUSD,BUY,5,5,2.5384,-0.00001,0.00043,21.03,1.3703,6,14,2,0.8200,1.8281,50,0.0,8.35,0.954545,5,1.3703,29.088,0.0,10.00,0,-7.90,10.00,844,winner,0,0
1778,2026.04.17 14:36:39,EURUSD,BUY,2,4,3.0533,0.00000,0.00070,18.24,1.8175,6,14,5,0.8200,1.8280,50,1e-05,-2.79,0.627907,6,1.8175,9.8334,0.0,-28.47,1,-28.63,0.89,77,steamroller_bsl,1,1
1778,2026.04.17 14:36:39,EURUSD,BUY,3,4,3.0533,0.00000,0.00070,18.24,1.8175,6,14,5,0.8200,1.8280,50,1e-05,-2.79,0.627907,6,1.8175,9.8334,0.0,-28.47,1,-28.63,0.89,77,steamroller_bsl,1,1
1778,2026.04.17 14:36:39,EURUSD,BUY,4,4,3.0533,0.00000,0.00070,18.24,1.8175,6,14,5,0.8200,1.8280,50,1e-05,-2.79,0.627907,6,1.8175,9.8334,0.0,-28.47,1,-28.63,0.89,77,steamroller_bsl,1,1
1779,2026.04.19 23:05:38,EURUSD,SELL,2,5,-7.4884,0.00003,0.00037,29.96,-6.4871,6,23,0,0.8200,1.8004,50,3e-05,11.72,-0.471429,1,6.4871,25.8618,1.0,10.30,0,-20.10,10.30,505,winner,0,0
1779,2026.04.19 23:05:38,EURUSD,SELL,3,5,-7.4884,0.00003,0.00037,29.96,-6.4871,6,23,0,0.8200,1.8004,50,3e-05,11.72,-0.471429,1,6.4871,25.8618,1.0,10.30,0,-20.10,10.30,505,winner,0,0
1779,2026.04.19 23:05:38,EURUSD,SELL,4,5,-7.4884,0.00003,0.00037,29.96,-6.4871,6,23,0,0.8200,1.8004,50,3e-05,11.72,-0.471429,1,6.4871,25.8618,1.0,10.30,0,-20.10,10.30,505,winner,0,0
1779,2026.04.19 23:05:38,EURUSD,SELL,5,5,-7.4884,0.00003,0.00037,29.96,-6.4871,6,23,0,0.8200,1.8004,50,3e-05,11.72,-0.471429,1,6.4871,25.8618,1.0,10.30,0,-20.10,10.30,505,winner,0,0
1780,2026.04.21 19:11:40,EURUSD,SELL,2,2,-2.4650,0.00004,0.00045,17.27,-1.1439,6,19,2,0.8200,1.8016,50,1e-05,-12.69,0.216216,2,1.1439,3.5481,1.0,10.00,0,-2.90,10.00,348,winner,0,0
1781,2026.04.23 00:19:15,EURUSD,SELL,2,5,-3.4508,-0.00008,0.00018,24.90,-2.4758,6,0,4,0.8400,2.0712,50,-0.00012,7.63,-0.6,3,2.4758,18.5789,1.0,10.08,0,-2.22,10.08,118,winner,0,0
1781,2026.04.23 00:19:15,EURUSD,SELL,3,5,-3.4508,-0.00008,0.00018,24.90,-2.4758,6,0,4,0.8400,2.0712,50,-0.00012,7.63,-0.6,3,2.4758,18.5789,1.0,10.08,0,-2.22,10.08,118,winner,0,0
1781,2026.04.23 00:19:15,EURUSD,SELL,4,5,-3.4508,-0.00008,0.00018,24.90,-2.4758,6,0,4,0.8400,2.0712,50,-0.00012,7.63,-0.6,3,2.4758,18.5789,1.0,10.08,0,-2.22,10.08,118,winner,0,0
1781,2026.04.23 00:19:15,EURUSD,SELL,5,5,-3.4508,-0.00008,0.00018,24.90,-2.4758,6,0,4,0.8400,2.0712,50,-0.00012,7.63,-0.6,3,2.4758,18.5789,1.0,10.08,0,-2.22,10.08,118,winner,0,0
1782,2026.04.23 11:47:00,EURUSD,SELL,2,5,-3.9019,-0.00000,0.00028,27.19,-3.0888,6,11,4,0.8400,2.0716,50,8e-05,2.29,0.555556,4,3.0888,13.7078,1.0,10.01,0,-12.49,10.01,71,winner,0,0
1782,2026.04.23 11:47:00,EURUSD,SELL,3,5,-3.9019,-0.00000,0.00028,27.19,-3.0888,6,11,4,0.8400,2.0716,50,8e-05,2.29,0.555556,4,3.0888,13.7078,1.0,10.01,0,-12.49,10.01,71,winner,0,0
1782,2026.04.23 11:47:00,EURUSD,SELL,4,5,-3.9019,-0.00000,0.00028,27.19,-3.0888,6,11,4,0.8400,2.0716,50,8e-05,2.29,0.555556,4,3.0888,13.7078,1.0,10.01,0,-12.49,10.01,71,winner,0,0
1782,2026.04.23 11:47:00,EURUSD,SELL,5,5,-3.9019,-0.00000,0.00028,27.19,-3.0888,6,11,4,0.8400,2.0716,50,8e-05,2.29,0.555556,4,3.0888,13.7078,1.0,10.01,0,-12.49,10.01,71,winner,0,0
1783,2026.04.23 18:17:15,EURUSD,SELL,2,5,-0.6837,0.00006,0.00073,28.93,0.3122,6,18,4,0.8400,2.0713,50,6e-05,1.74,1.607143,5,0.3122,22.7295,1.0,10.19,0,-15.10,10.19,725,winner,0,0
1783,2026.04.23 18:17:15,EURUSD,SELL,3,5,-0.6837,0.00006,0.00073,28.93,0.3122,6,18,4,0.8400,2.0713,50,6e-05,1.74,1.607143,5,0.3122,22.7295,1.0,10.19,0,-15.10,10.19,725,winner,0,0
1783,2026.04.23 18:17:15,EURUSD,SELL,4,5,-0.6837,0.00006,0.00073,28.93,0.3122,6,18,4,0.8400,2.0713,50,6e-05,1.74,1.607143,5,0.3122,22.7295,1.0,10.19,0,-15.10,10.19,725,winner,0,0
1783,2026.04.23 18:17:15,EURUSD,SELL,5,5,-0.6837,0.00006,0.00073,28.93,0.3122,6,18,4,0.8400,2.0713,50,6e-05,1.74,1.607143,5,0.3122,22.7295,1.0,10.19,0,-15.10,10.19,725,winner,0,0
1784,2026.04.28 08:06:41,EURUSD,SELL,2,3,-3.1407,-0.00002,0.00035,17.70,-1.8963,6,8,2,0.8400,2.0722,50,-8e-05,-11.23,-0.520548,6,1.8963,4.2741,1.0,10.01,0,-3.51,10.01,408,winner,0,0
1784,2026.04.28 08:06:41,EURUSD,SELL,3,3,-3.1407,-0.00002,0.00035,17.70,-1.8963,6,8,2,0.8400,2.0722,50,-8e-05,-11.23,-0.520548,6,1.8963,4.2741,1.0,10.01,0,-3.51,10.01,408,winner,0,0
1785,2026.04.29 21:00:08,EURUSD,SELL,2,5,-3.7341,0.00002,0.00024,9.71,-1.2243,25,21,3,0.8400,2.0721,50,4e-05,-7.99,-0.314286,7,1.2243,4.2061,1.0,-25.24,1,-25.24,7.94,457,steamroller_bsl,1,1
1785,2026.04.29 21:00:08,EURUSD,SELL,3,5,-3.7341,0.00002,0.00024,9.71,-1.2243,25,21,3,0.8400,2.0721,50,4e-05,-7.99,-0.314286,7,1.2243,4.2061,1.0,-25.24,1,-25.24,7.94,457,steamroller_bsl,1,1
1785,2026.04.29 21:00:08,EURUSD,SELL,4,5,-3.7341,0.00002,0.00024,9.71,-1.2243,25,21,3,0.8400,2.0721,50,4e-05,-7.99,-0.314286,7,1.2243,4.2061,1.0,-25.24,1,-25.24,7.94,457,steamroller_bsl,1,1
1785,2026.04.29 21:00:08,EURUSD,SELL,5,5,-3.7341,0.00002,0.00024,9.71,-1.2243,25,21,3,0.8400,2.0721,50,4e-05,-7.99,-0.314286,7,1.2243,4.2061,1.0,-25.24,1,-25.24,7.94,457,steamroller_bsl,1,1
1786,2026.05.01 13:45:37,EURUSD,BUY,2,5,2.8899,-0.00003,0.00037,25.33,1.6372,6,13,5,0.8200,1.8003,50,-5e-05,15.62,0.541667,1,1.6372,38.066,0.0,-25.03,1,-25.03,7.14,245,steamroller_bsl,1,1
1786,2026.05.01 13:45:37,EURUSD,BUY,3,5,2.8899,-0.00003,0.00037,25.33,1.6372,6,13,5,0.8200,1.8003,50,-5e-05,15.62,0.541667,1,1.6372,38.066,0.0,-25.03,1,-25.03,7.14,245,steamroller_bsl,1,1
1786,2026.05.01 13:45:37,EURUSD,BUY,4,5,2.8899,-0.00003,0.00037,25.33,1.6372,6,13,5,0.8200,1.8003,50,-5e-05,15.62,0.541667,1,1.6372,38.066,0.0,-25.03,1,-25.03,7.14,245,steamroller_bsl,1,1
1786,2026.05.01 13:45:37,EURUSD,BUY,5,5,2.8899,-0.00003,0.00037,25.33,1.6372,6,13,5,0.8200,1.8003,50,-5e-05,15.62,0.541667,1,1.6372,38.066,0.0,-25.03,1,-25.03,7.14,245,steamroller_bsl,1,1
1787,2026.05.04 13:32:05,EURUSD,SELL,2,5,-1.5856,0.00001,0.00039,23.22,-0.7054,6,13,1,0.8000,1.5838,50,4e-05,-2.11,0.054054,1,0.7054,1.6169,1.0,-25.02,1,-25.02,7.02,1148,steamroller_bsl,1,1
1787,2026.05.04 13:32:05,EURUSD,SELL,3,5,-1.5856,0.00001,0.00039,23.22,-0.7054,6,13,1,0.8000,1.5838,50,4e-05,-2.11,0.054054,1,0.7054,1.6169,1.0,-25.02,1,-25.02,7.02,1148,steamroller_bsl,1,1
1787,2026.05.04 13:32:05,EURUSD,SELL,4,5,-1.5856,0.00001,0.00039,23.22,-0.7054,6,13,1,0.8000,1.5838,50,4e-05,-2.11,0.054054,1,0.7054,1.6169,1.0,-25.02,1,-25.02,7.02,1148,steamroller_bsl,1,1
1787,2026.05.04 13:32:05,EURUSD,SELL,5,5,-1.5856,0.00001,0.00039,23.22,-0.7054,6,13,1,0.8000,1.5838,50,4e-05,-2.11,0.054054,1,0.7054,1.6169,1.0,-25.02,1,-25.02,7.02,1148,steamroller_bsl,1,1
1788,2026.05.08 14:09:37,EURUSD,BUY,2,5,2.6693,-0.00001,0.00049,20.85,1.5108,6,14,5,0.7800,1.4062,50,-2e-05,-2.37,0.25641,1,1.5108,3.6418,0.0,10.02,0,-3.58,10.02,207,winner,0,0
1788,2026.05.08 14:09:37,EURUSD,BUY,3,5,2.6693,-0.00001,0.00049,20.85,1.5108,6,14,5,0.7800,1.4062,50,-2e-05,-2.37,0.25641,1,1.5108,3.6418,0.0,10.02,0,-3.58,10.02,207,winner,0,0
1788,2026.05.08 14:09:37,EURUSD,BUY,4,5,2.6693,-0.00001,0.00049,20.85,1.5108,6,14,5,0.7800,1.4062,50,-2e-05,-2.37,0.25641,1,1.5108,3.6418,0.0,10.02,0,-3.58,10.02,207,winner,0,0
1788,2026.05.08 14:09:37,EURUSD,BUY,5,5,2.6693,-0.00001,0.00049,20.85,1.5108,6,14,5,0.7800,1.4062,50,-2e-05,-2.37,0.25641,1,1.5108,3.6418,0.0,10.02,0,-3.58,10.02,207,winner,0,0
1789,2026.05.11 11:55:13,EURUSD,BUY,2,5,1.6699,-0.00001,0.00021,18.35,0.5614,6,11,1,0.7800,1.4062,50,0.0,-2.5,-0.571429,2,0.5614,1.1403,0.0,-25.04,1,-25.04,6.02,528,steamroller_bsl,1,1
1789,2026.05.11 11:55:13,EURUSD,BUY,3,5,1.6699,-0.00001,0.00021,18.35,0.5614,6,11,1,0.7800,1.4062,50,0.0,-2.5,-0.571429,2,0.5614,1.1403,0.0,-25.04,1,-25.04,6.02,528,steamroller_bsl,1,1
1789,2026.05.11 11:55:13,EURUSD,BUY,4,5,1.6699,-0.00001,0.00021,18.35,0.5614,6,11,1,0.7800,1.4062,50,0.0,-2.5,-0.571429,2,0.5614,1.1403,0.0,-25.04,1,-25.04,6.02,528,steamroller_bsl,1,1
1789,2026.05.11 11:55:13,EURUSD,BUY,5,5,1.6699,-0.00001,0.00021,18.35,0.5614,6,11,1,0.7800,1.4062,50,0.0,-2.5,-0.571429,2,0.5614,1.1403,0.0,-25.04,1,-25.04,6.02,528,steamroller_bsl,1,1
1790,2026.05.13 12:05:00,EURUSD,SELL,2,3,-1.7023,0.00003,0.00022,29.49,-0.6323,6,12,3,0.7600,1.2576,50,4e-05,11.14,0.047619,1,0.6323,23.8143,1.0,10.06,0,-1.46,10.06,322,winner,0,0
1790,2026.05.13 12:05:00,EURUSD,SELL,3,3,-1.7023,0.00003,0.00022,29.49,-0.6323,6,12,3,0.7600,1.2576,50,4e-05,11.14,0.047619,1,0.6323,23.8143,1.0,10.06,0,-1.46,10.06,322,winner,0,0
1792,2026.05.21 16:01:14,EURUSD,SELL,2,5,-3.1522,0.00000,0.00040,24.92,-2.1938,6,16,4,0.7600,1.2578,50,-1e-05,8.34,0.25,3,2.1938,21.3285,1.0,-25.02,1,-25.02,5.73,524,steamroller_bsl,1,1
1792,2026.05.21 16:01:14,EURUSD,SELL,3,5,-3.1522,0.00000,0.00040,24.92,-2.1938,6,16,4,0.7600,1.2578,50,-1e-05,8.34,0.25,3,2.1938,21.3285,1.0,-25.02,1,-25.02,5.73,524,steamroller_bsl,1,1
1792,2026.05.21 16:01:14,EURUSD,SELL,4,5,-3.1522,0.00000,0.00040,24.92,-2.1938,6,16,4,0.7600,1.2578,50,-1e-05,8.34,0.25,3,2.1938,21.3285,1.0,-25.02,1,-25.02,5.73,524,steamroller_bsl,1,1
1792,2026.05.21 16:01:14,EURUSD,SELL,5,5,-3.1522,0.00000,0.00040,24.92,-2.1938,6,16,4,0.7600,1.2578,50,-1e-05,8.34,0.25,3,2.1938,21.3285,1.0,-25.02,1,-25.02,5.73,524,steamroller_bsl,1,1
1793,2026.05.25 13:28:33,EURUSD,BUY,2,5,1.5890,-0.00002,0.00024,28.75,0.4820,6,13,1,0.7400,1.1318,50,-2e-05,3.83,-0.4,1,0.482,8.4805,0.0,10.22,0,-11.68,10.22,563,winner,0,0
1793,2026.05.25 13:28:33,EURUSD,BUY,3,5,1.5890,-0.00002,0.00024,28.75,0.4820,6,13,1,0.7400,1.1318,50,-2e-05,3.83,-0.4,1,0.482,8.4805,0.0,10.22,0,-11.68,10.22,563,winner,0,0
1793,2026.05.25 13:28:33,EURUSD,BUY,4,5,1.5890,-0.00002,0.00024,28.75,0.4820,6,13,1,0.7400,1.1318,50,-2e-05,3.83,-0.4,1,0.482,8.4805,0.0,10.22,0,-11.68,10.22,563,winner,0,0
1793,2026.05.25 13:28:33,EURUSD,BUY,5,5,1.5890,-0.00002,0.00024,28.75,0.4820,6,13,1,0.7400,1.1318,50,-2e-05,3.83,-0.4,1,0.482,8.4805,0.0,10.22,0,-11.68,10.22,563,winner,0,0
1794,2026.05.27 12:25:00,EURUSD,SELL,2,3,-0.0187,0.00010,0.00045,17.66,1.8419,4,12,3,0.7400,1.1285,50,0.00012,-11.09,0.875,1,1.8419,10.9105,1.0,10.01,0,-3.22,10.01,137,winner,0,0
1794,2026.05.27 12:25:00,EURUSD,SELL,3,3,-0.0187,0.00010,0.00045,17.66,1.8419,4,12,3,0.7400,1.1285,50,0.00012,-11.09,0.875,1,1.8419,10.9105,1.0,10.01,0,-3.22,10.01,137,winner,0,0
1795,2026.05.28 05:30:24,EURUSD,SELL,2,5,-8.4793,0.00001,0.00018,25.25,-7.4044,4,5,4,0.7400,1.1282,50,-9e-05,7.59,-0.6,2,7.4044,18.9311,1.0,-25.09,1,-25.09,0.00,104,steamroller_bsl,1,1
1795,2026.05.28 05:30:24,EURUSD,SELL,3,5,-8.4793,0.00001,0.00018,25.25,-7.4044,4,5,4,0.7400,1.1282,50,-9e-05,7.59,-0.6,2,7.4044,18.9311,1.0,-25.09,1,-25.09,0.00,104,steamroller_bsl,1,1
1795,2026.05.28 05:30:24,EURUSD,SELL,4,5,-8.4793,0.00001,0.00018,25.25,-7.4044,4,5,4,0.7400,1.1282,50,-9e-05,7.59,-0.6,2,7.4044,18.9311,1.0,-25.09,1,-25.09,0.00,104,steamroller_bsl,1,1
1795,2026.05.28 05:30:24,EURUSD,SELL,5,5,-8.4793,0.00001,0.00018,25.25,-7.4044,4,5,4,0.7400,1.1282,50,-9e-05,7.59,-0.6,2,7.4044,18.9311,1.0,-25.09,1,-25.09,0.00,104,steamroller_bsl,1,1
1796,2026.05.28 18:11:31,EURUSD,BUY,2,5,6.6706,0.00000,0.00020,27.52,5.0121,4,18,4,0.7200,1.0202,50,-1e-05,2.27,0.111111,1,5.0121,7.5041,0.0,10.13,0,-10.52,10.13,248,winner,0,0
1796,2026.05.28 18:11:31,EURUSD,BUY,3,5,6.6706,0.00000,0.00020,27.52,5.0121,4,18,4,0.7200,1.0202,50,-1e-05,2.27,0.111111,1,5.0121,7.5041,0.0,10.13,0,-10.52,10.13,248,winner,0,0
1796,2026.05.28 18:11:31,EURUSD,BUY,4,5,6.6706,0.00000,0.00020,27.52,5.0121,4,18,4,0.7200,1.0202,50,-1e-05,2.27,0.111111,1,5.0121,7.5041,0.0,10.13,0,-10.52,10.13,248,winner,0,0
1796,2026.05.28 18:11:31,EURUSD,BUY,5,5,6.6706,0.00000,0.00020,27.52,5.0121,4,18,4,0.7200,1.0202,50,-1e-05,2.27,0.111111,1,5.0121,7.5041,0.0,10.13,0,-10.52,10.13,248,winner,0,0
1797,2026.05.29 17:21:17,EURUSD,BUY,2,5,4.6689,-0.00002,0.00027,28.33,3.5213,4,17,5,0.7200,1.0204,50,-2e-05,0.81,0.35,2,3.5213,7.2003,0.0,-25.03,1,-25.03,1.97,247,steamroller_bsl,1,1
1797,2026.05.29 17:21:17,EURUSD,BUY,3,5,4.6689,-0.00002,0.00027,28.33,3.5213,4,17,5,0.7200,1.0204,50,-2e-05,0.81,0.35,2,3.5213,7.2003,0.0,-25.03,1,-25.03,1.97,247,steamroller_bsl,1,1
1797,2026.05.29 17:21:17,EURUSD,BUY,4,5,4.6689,-0.00002,0.00027,28.33,3.5213,4,17,5,0.7200,1.0204,50,-2e-05,0.81,0.35,2,3.5213,7.2003,0.0,-25.03,1,-25.03,1.97,247,steamroller_bsl,1,1
1797,2026.05.29 17:21:17,EURUSD,BUY,5,5,4.6689,-0.00002,0.00027,28.33,3.5213,4,17,5,0.7200,1.0204,50,-2e-05,0.81,0.35,2,3.5213,7.2003,0.0,-25.03,1,-25.03,1.97,247,steamroller_bsl,1,1
1798,2026.06.01 15:29:40,EURUSD,SELL,2,5,-5.4184,-0.00000,0.00032,26.23,-4.2759,4,15,1,0.7000,0.9267,50,2e-05,-2.1,0.185185,1,4.2759,3.6208,1.0,10.09,0,-13.11,10.09,540,winner,0,0
1798,2026.06.01 15:29:40,EURUSD,SELL,3,5,-5.4184,-0.00000,0.00032,26.23,-4.2759,4,15,1,0.7000,0.9267,50,2e-05,-2.1,0.185185,1,4.2759,3.6208,1.0,10.09,0,-13.11,10.09,540,winner,0,0
1798,2026.06.01 15:29:40,EURUSD,SELL,4,5,-5.4184,-0.00000,0.00032,26.23,-4.2759,4,15,1,0.7000,0.9267,50,2e-05,-2.1,0.185185,1,4.2759,3.6208,1.0,10.09,0,-13.11,10.09,540,winner,0,0
1798,2026.06.01 15:29:40,EURUSD,SELL,5,5,-5.4184,-0.00000,0.00032,26.23,-4.2759,4,15,1,0.7000,0.9267,50,2e-05,-2.1,0.185185,1,4.2759,3.6208,1.0,10.09,0,-13.11,10.09,540,winner,0,0
1799,2026.06.03 14:13:28,EURUSD,SELL,2,5,-2.5222,-0.00003,0.00036,21.97,-1.3543,4,14,3,0.7000,0.9268,50,-3e-05,-4.26,0.125,2,1.3543,2.8886,1.0,10.04,0,-12.66,10.04,560,winner,0,0
1799,2026.06.03 14:13:28,EURUSD,SELL,3,5,-2.5222,-0.00003,0.00036,21.97,-1.3543,4,14,3,0.7000,0.9268,50,-3e-05,-4.26,0.125,2,1.3543,2.8886,1.0,10.04,0,-12.66,10.04,560,winner,0,0
1799,2026.06.03 14:13:28,EURUSD,SELL,4,5,-2.5222,-0.00003,0.00036,21.97,-1.3543,4,14,3,0.7000,0.9268,50,-3e-05,-4.26,0.125,2,1.3543,2.8886,1.0,10.04,0,-12.66,10.04,560,winner,0,0
1799,2026.06.03 14:13:28,EURUSD,SELL,5,5,-2.5222,-0.00003,0.00036,21.97,-1.3543,4,14,3,0.7000,0.9268,50,-3e-05,-4.26,0.125,2,1.3543,2.8886,1.0,10.04,0,-12.66,10.04,560,winner,0,0
1800,2026.06.05 18:56:37,EURUSD,SELL,2,5,-11.8554,0.00000,0.00028,18.38,-10.6316,4,18,5,0.7200,1.0210,50,3e-05,-3.59,-0.222222,3,10.6316,4.4579,1.0,10.03,0,-18.77,10.03,1100,winner,0,0
1800,2026.06.05 18:56:37,EURUSD,SELL,3,5,-11.8554,0.00000,0.00028,18.38,-10.6316,4,18,5,0.7200,1.0210,50,3e-05,-3.59,-0.222222,3,10.6316,4.4579,1.0,10.03,0,-18.77,10.03,1100,winner,0,0
1800,2026.06.05 18:56:37,EURUSD,SELL,4,5,-11.8554,0.00000,0.00028,18.38,-10.6316,4,18,5,0.7200,1.0210,50,3e-05,-3.59,-0.222222,3,10.6316,4.4579,1.0,10.03,0,-18.77,10.03,1100,winner,0,0
1800,2026.06.05 18:56:37,EURUSD,SELL,5,5,-11.8554,0.00000,0.00028,18.38,-10.6316,4,18,5,0.7200,1.0210,50,3e-05,-3.59,-0.222222,3,10.6316,4.4579,1.0,10.03,0,-18.77,10.03,1100,winner,0,0
1801,2026.06.11 22:21:43,EURUSD,BUY,2,5,10.5804,-0.00002,0.00018,16.04,9.2055,5,22,4,0.7200,1.0210,50,-2e-05,-2.34,-0.357143,1,9.2055,3.0014,0.0,10.06,0,-6.94,10.06,277,winner,0,0
1801,2026.06.11 22:21:43,EURUSD,BUY,3,5,10.5804,-0.00002,0.00018,16.04,9.2055,5,22,4,0.7200,1.0210,50,-2e-05,-2.34,-0.357143,1,9.2055,3.0014,0.0,10.06,0,-6.94,10.06,277,winner,0,0
1801,2026.06.11 22:21:43,EURUSD,BUY,4,5,10.5804,-0.00002,0.00018,16.04,9.2055,5,22,4,0.7200,1.0210,50,-2e-05,-2.34,-0.357143,1,9.2055,3.0014,0.0,10.06,0,-6.94,10.06,277,winner,0,0
1801,2026.06.11 22:21:43,EURUSD,BUY,5,5,10.5804,-0.00002,0.00018,16.04,9.2055,5,22,4,0.7200,1.0210,50,-2e-05,-2.34,-0.357143,1,9.2055,3.0014,0.0,10.06,0,-6.94,10.06,277,winner,0,0
1802,2026.06.15 00:49:35,EURUSD,BUY,2,5,5.4114,-0.00001,0.00027,22.81,4.4945,4,0,1,0.7200,1.0212,50,1e-05,6.77,0.5,2,4.4945,20.7636,0.0,10.06,0,-10.24,10.06,470,winner,0,0
1802,2026.06.15 00:49:35,EURUSD,BUY,3,5,5.4114,-0.00001,0.00027,22.81,4.4945,4,0,1,0.7200,1.0212,50,1e-05,6.77,0.5,2,4.4945,20.7636,0.0,10.06,0,-10.24,10.06,470,winner,0,0
1802,2026.06.15 00:49:35,EURUSD,BUY,4,5,5.4114,-0.00001,0.00027,22.81,4.4945,4,0,1,0.7200,1.0212,50,1e-05,6.77,0.5,2,4.4945,20.7636,0.0,10.06,0,-10.24,10.06,470,winner,0,0
1802,2026.06.15 00:49:35,EURUSD,BUY,5,5,5.4114,-0.00001,0.00027,22.81,4.4945,4,0,1,0.7200,1.0212,50,1e-05,6.77,0.5,2,4.4945,20.7636,0.0,10.06,0,-10.24,10.06,470,winner,0,0
1803,2026.06.16 18:28:36,EURUSD,BUY,2,4,4.5051,-0.00001,0.00014,24.31,3.1253,4,18,2,0.7200,1.0210,50,0.0,1.5,-0.481481,3,3.1253,5.2813,0.0,-25.32,1,-25.32,3.52,284,steamroller_bsl,1,1
1803,2026.06.16 18:28:36,EURUSD,BUY,3,4,4.5051,-0.00001,0.00014,24.31,3.1253,4,18,2,0.7200,1.0210,50,0.0,1.5,-0.481481,3,3.1253,5.2813,0.0,-25.32,1,-25.32,3.52,284,steamroller_bsl,1,1
1803,2026.06.16 18:28:36,EURUSD,BUY,4,4,4.5051,-0.00001,0.00014,24.31,3.1253,4,18,2,0.7200,1.0210,50,0.0,1.5,-0.481481,3,3.1253,5.2813,0.0,-25.32,1,-25.32,3.52,284,steamroller_bsl,1,1
1804,2026.06.17 22:38:21,EURUSD,SELL,2,5,-18.9252,0.00001,0.00017,21.79,-17.9429,4,22,3,0.7000,0.9266,50,2e-05,-2.52,0.214286,1,17.9429,7.3286,1.0,10.00,0,-10.30,10.00,123,winner,0,0
1804,2026.06.17 22:38:21,EURUSD,SELL,3,5,-18.9252,0.00001,0.00017,21.79,-17.9429,4,22,3,0.7000,0.9266,50,2e-05,-2.52,0.214286,1,17.9429,7.3286,1.0,10.00,0,-10.30,10.00,123,winner,0,0
1804,2026.06.17 22:38:21,EURUSD,SELL,4,5,-18.9252,0.00001,0.00017,21.79,-17.9429,4,22,3,0.7000,0.9266,50,2e-05,-2.52,0.214286,1,17.9429,7.3286,1.0,10.00,0,-10.30,10.00,123,winner,0,0
1804,2026.06.17 22:38:21,EURUSD,SELL,5,5,-18.9252,0.00001,0.00017,21.79,-17.9429,4,22,3,0.7000,0.9266,50,2e-05,-2.52,0.214286,1,17.9429,7.3286,1.0,10.00,0,-10.30,10.00,123,winner,0,0
1805,2026.06.18 12:51:40,EURUSD,SELL,2,4,-3.5020,0.00003,0.00056,26.17,-2.5874,4,12,4,0.7000,0.9265,50,2e-05,4.38,2.294118,2,2.5874,33.548,1.0,10.01,0,-3.47,10.01,75,winner,0,0
1805,2026.06.18 12:51:40,EURUSD,SELL,3,4,-3.5020,0.00003,0.00056,26.17,-2.5874,4,12,4,0.7000,0.9265,50,2e-05,4.38,2.294118,2,2.5874,33.548,1.0,10.01,0,-3.47,10.01,75,winner,0,0
1805,2026.06.18 12:51:40,EURUSD,SELL,4,4,-3.5020,0.00003,0.00056,26.17,-2.5874,4,12,4,0.7000,0.9265,50,2e-05,4.38,2.294118,2,2.5874,33.548,1.0,10.01,0,-3.47,10.01,75,winner,0,0
1806,2026.06.18 20:13:15,EURUSD,SELL,2,4,-2.8754,0.00002,0.00032,27.45,-1.9194,4,20,4,0.7000,0.9263,50,-1e-05,1.28,-0.428571,3,1.9194,4.6398,1.0,10.02,0,-3.32,10.02,430,winner,0,0
1806,2026.06.18 20:13:15,EURUSD,SELL,3,4,-2.8754,0.00002,0.00032,27.45,-1.9194,4,20,4,0.7000,0.9263,50,-1e-05,1.28,-0.428571,3,1.9194,4.6398,1.0,10.02,0,-3.32,10.02,430,winner,0,0
1806,2026.06.18 20:13:15,EURUSD,SELL,4,4,-2.8754,0.00002,0.00032,27.45,-1.9194,4,20,4,0.7000,0.9263,50,-1e-05,1.28,-0.428571,3,1.9194,4.6398,1.0,10.02,0,-3.32,10.02,430,winner,0,0
1807,2026.06.22 08:35:43,EURUSD,SELL,2,4,-1.9951,0.00000,0.00037,25.32,-1.0455,4,8,1,0.7000,0.9261,50,-2e-05,-2.13,0.15625,4,1.0455,4.0239,1.0,10.10,0,-2.38,10.10,64,winner,0,0
1807,2026.06.22 08:35:43,EURUSD,SELL,3,4,-1.9951,0.00000,0.00037,25.32,-1.0455,4,8,1,0.7000,0.9261,50,-2e-05,-2.13,0.15625,4,1.0455,4.0239,1.0,10.10,0,-2.38,10.10,64,winner,0,0
1807,2026.06.22 08:35:43,EURUSD,SELL,4,4,-1.9951,0.00000,0.00037,25.32,-1.0455,4,8,1,0.7000,0.9261,50,-2e-05,-2.13,0.15625,4,1.0455,4.0239,1.0,10.10,0,-2.38,10.10,64,winner,0,0
1808,2026.06.22 14:48:41,EURUSD,SELL,2,2,-2.1848,-0.00002,0.00055,23.93,-1.0353,4,14,1,0.7000,0.9263,50,-2e-05,-1.39,0.486486,5,1.0353,7.8237,1.0,10.05,0,-0.93,10.05,241,winner,0,0
1809,2026.06.23 13:34:30,EURUSD,SELL,2,2,-3.1598,0.00000,0.00044,22.93,-2.1623,4,13,2,0.7200,1.0203,50,2e-05,-1.0,-0.2,6,2.1623,3.7406,1.0,10.01,0,-0.65,10.01,224,winner,0,0
1810,2026.06.24 11:34:41,EURUSD,SELL,2,5,-4.0416,0.00001,0.00029,22.45,-3.0942,4,11,3,0.7200,1.0203,50,1e-05,-0.48,-0.340909,7,3.0942,4.3735,1.0,-25.08,1,-25.08,8.72,539,steamroller_bsl,1,1
1810,2026.06.24 11:34:41,EURUSD,SELL,3,5,-4.0416,0.00001,0.00029,22.45,-3.0942,4,11,3,0.7200,1.0203,50,1e-05,-0.48,-0.340909,7,3.0942,4.3735,1.0,-25.08,1,-25.08,8.72,539,steamroller_bsl,1,1
1810,2026.06.24 11:34:41,EURUSD,SELL,4,5,-4.0416,0.00001,0.00029,22.45,-3.0942,4,11,3,0.7200,1.0203,50,1e-05,-0.48,-0.340909,7,3.0942,4.3735,1.0,-25.08,1,-25.08,8.72,539,steamroller_bsl,1,1
1810,2026.06.24 11:34:41,EURUSD,SELL,5,5,-4.0416,0.00001,0.00029,22.45,-3.0942,4,11,3,0.7200,1.0203,50,1e-05,-0.48,-0.340909,7,3.0942,4.3735,1.0,-25.08,1,-25.08,8.72,539,steamroller_bsl,1,1
1811,2026.06.26 11:35:26,EURUSD,BUY,2,3,4.1448,-0.00002,0.00031,15.39,3.1314,4,11,5,0.7000,0.9265,50,-3e-05,-7.06,0.068966,1,3.1314,2.2725,0.0,10.25,0,-1.15,10.25,16,winner,0,0
1811,2026.06.26 11:35:26,EURUSD,BUY,3,3,4.1448,-0.00002,0.00031,15.39,3.1314,4,11,5,0.7000,0.9265,50,-3e-05,-7.06,0.068966,1,3.1314,2.2725,0.0,10.25,0,-1.15,10.25,16,winner,0,0
1812,2026.06.26 14:41:31,EURUSD,BUY,2,5,3.0645,-0.00002,0.00048,20.44,1.9293,4,14,5,0.7000,0.9272,50,0.0,5.05,0.548387,2,1.9293,17.0662,0.0,10.08,0,-11.27,10.08,288,winner,0,0
1812,2026.06.26 14:41:31,EURUSD,BUY,3,5,3.0645,-0.00002,0.00048,20.44,1.9293,4,14,5,0.7000,0.9272,50,0.0,5.05,0.548387,2,1.9293,17.0662,0.0,10.08,0,-11.27,10.08,288,winner,0,0
1812,2026.06.26 14:41:31,EURUSD,BUY,4,5,3.0645,-0.00002,0.00048,20.44,1.9293,4,14,5,0.7000,0.9272,50,0.0,5.05,0.548387,2,1.9293,17.0662,0.0,10.08,0,-11.27,10.08,288,winner,0,0
1812,2026.06.26 14:41:31,EURUSD,BUY,5,5,3.0645,-0.00002,0.00048,20.44,1.9293,4,14,5,0.7000,0.9272,50,0.0,5.05,0.548387,2,1.9293,17.0662,0.0,10.08,0,-11.27,10.08,288,winner,0,0
1813,2026.06.29 17:22:40,EURUSD,BUY,2,5,4.8986,-0.00001,0.00023,28.09,3.6837,4,17,1,0.7200,1.0210,50,1e-05,7.65,-0.520833,3,3.6837,17.8209,0.0,10.44,0,-10.26,10.44,259,winner,0,0
1813,2026.06.29 17:22:40,EURUSD,BUY,3,5,4.8986,-0.00001,0.00023,28.09,3.6837,4,17,1,0.7200,1.0210,50,1e-05,7.65,-0.520833,3,3.6837,17.8209,0.0,10.44,0,-10.26,10.44,259,winner,0,0
1813,2026.06.29 17:22:40,EURUSD,BUY,4,5,4.8986,-0.00001,0.00023,28.09,3.6837,4,17,1,0.7200,1.0210,50,1e-05,7.65,-0.520833,3,3.6837,17.8209,0.0,10.44,0,-10.26,10.44,259,winner,0,0
1813,2026.06.29 17:22:40,EURUSD,BUY,5,5,4.8986,-0.00001,0.00023,28.09,3.6837,4,17,1,0.7200,1.0210,50,1e-05,7.65,-0.520833,3,3.6837,17.8209,0.0,10.44,0,-10.26,10.44,259,winner,0,0
1814,2026.06.30 16:55:05,EURUSD,BUY,2,5,2.8452,-0.00003,0.00028,28.82,1.7142,4,16,2,0.7200,1.0222,50,-2e-05,0.73,0.217391,4,1.7142,6.2625,0.0,10.04,0,-5.81,10.04,469,winner,0,0
1814,2026.06.30 16:55:05,EURUSD,BUY,3,5,2.8452,-0.00003,0.00028,28.82,1.7142,4,16,2,0.7200,1.0222,50,-2e-05,0.73,0.217391,4,1.7142,6.2625,0.0,10.04,0,-5.81,10.04,469,winner,0,0
1814,2026.06.30 16:55:05,EURUSD,BUY,4,5,2.8452,-0.00003,0.00028,28.82,1.7142,4,16,2,0.7200,1.0222,50,-2e-05,0.73,0.217391,4,1.7142,6.2625,0.0,10.04,0,-5.81,10.04,469,winner,0,0
1814,2026.06.30 16:55:05,EURUSD,BUY,5,5,2.8452,-0.00003,0.00028,28.82,1.7142,4,16,2,0.7200,1.0222,50,-2e-05,0.73,0.217391,4,1.7142,6.2625,0.0,10.04,0,-5.81,10.04,469,winner,0,0
1815,2026.07.02 10:02:15,EURUSD,BUY,2,4,3.8149,-0.00002,0.00035,23.20,2.7838,4,10,4,0.7200,1.0223,50,1e-05,-5.62,0.25,5,2.7838,5.796,0.0,10.02,0,-2.86,10.02,30,winner,0,0
1815,2026.07.02 10:02:15,EURUSD,BUY,3,4,3.8149,-0.00002,0.00035,23.20,2.7838,4,10,4,0.7200,1.0223,50,1e-05,-5.62,0.25,5,2.7838,5.796,0.0,10.02,0,-2.86,10.02,30,winner,0,0
1815,2026.07.02 10:02:15,EURUSD,BUY,4,4,3.8149,-0.00002,0.00035,23.20,2.7838,4,10,4,0.7200,1.0223,50,1e-05,-5.62,0.25,5,2.7838,5.796,0.0,10.02,0,-2.86,10.02,30,winner,0,0
1816,2026.07.02 14:40:32,EURUSD,BUY,2,5,3.4275,-0.00007,0.00065,26.92,2.3746,4,14,4,0.7200,1.0220,50,-5e-05,3.72,0.857143,6,2.3746,20.1051,0.0,10.08,0,-15.87,10.08,1339,winner,0,0
1816,2026.07.02 14:40:32,EURUSD,BUY,3,5,3.4275,-0.00007,0.00065,26.92,2.3746,4,14,4,0.7200,1.0220,50,-5e-05,3.72,0.857143,6,2.3746,20.1051,0.0,10.08,0,-15.87,10.08,1339,winner,0,0
1816,2026.07.02 14:40:32,EURUSD,BUY,4,5,3.4275,-0.00007,0.00065,26.92,2.3746,4,14,4,0.7200,1.0220,50,-5e-05,3.72,0.857143,6,2.3746,20.1051,0.0,10.08,0,-15.87,10.08,1339,winner,0,0
1816,2026.07.02 14:40:32,EURUSD,BUY,5,5,3.4275,-0.00007,0.00065,26.92,2.3746,4,14,4,0.7200,1.0220,50,-5e-05,3.72,0.857143,6,2.3746,20.1051,0.0,10.08,0,-15.87,10.08,1339,winner,0,0
1817,2026.07.09 10:36:21,EURUSD,SELL,2,5,-0.4470,0.00001,0.00022,24.54,0.5122,4,10,4,0.7400,1.1308,50,8e-05,-2.38,-0.661538,1,0.5122,1.428,1.0,11.00,0,-8.38,11.00,335,winner,0,0
1817,2026.07.09 10:36:21,EURUSD,SELL,3,5,-0.4470,0.00001,0.00022,24.54,0.5122,4,10,4,0.7400,1.1308,50,8e-05,-2.38,-0.661538,1,0.5122,1.428,1.0,11.00,0,-8.38,11.00,335,winner,0,0
1817,2026.07.09 10:36:21,EURUSD,SELL,4,5,-0.4470,0.00001,0.00022,24.54,0.5122,4,10,4,0.7400,1.1308,50,8e-05,-2.38,-0.661538,1,0.5122,1.428,1.0,11.00,0,-8.38,11.00,335,winner,0,0
1817,2026.07.09 10:36:21,EURUSD,SELL,5,5,-0.4470,0.00001,0.00022,24.54,0.5122,4,10,4,0.7400,1.1308,50,8e-05,-2.38,-0.661538,1,0.5122,1.428,1.0,11.00,0,-8.38,11.00,335,winner,0,0
1818,2026.07.10 15:09:05,EURUSD,SELL,2,3,-1.4709,0.00001,0.00043,14.62,-0.3931,4,15,5,0.7400,1.1338,50,0.0,-9.92,0.954545,2,0.3931,10.6437,1.0,10.02,0,-2.97,10.02,83,winner,0,0
1818,2026.07.10 15:09:05,EURUSD,SELL,3,3,-1.4709,0.00001,0.00043,14.62,-0.3931,4,15,5,0.7400,1.1338,50,0.0,-9.92,0.954545,2,0.3931,10.6437,1.0,10.02,0,-2.97,10.02,83,winner,0,0
1819,2026.07.12 23:41:02,EURUSD,SELL,2,5,-9.0075,0.00000,0.00014,27.81,-8.0690,4,23,0,0.7600,1.2601,50,-1e-05,13.19,-0.674419,3,8.069,29.9973,1.0,10.02,0,-22.18,10.02,246,winner,0,0
1819,2026.07.12 23:41:02,EURUSD,SELL,3,5,-9.0075,0.00000,0.00014,27.81,-8.0690,4,23,0,0.7600,1.2601,50,-1e-05,13.19,-0.674419,3,8.069,29.9973,1.0,10.02,0,-22.18,10.02,246,winner,0,0
1819,2026.07.12 23:41:02,EURUSD,SELL,4,5,-9.0075,0.00000,0.00014,27.81,-8.0690,4,23,0,0.7600,1.2601,50,-1e-05,13.19,-0.674419,3,8.069,29.9973,1.0,10.02,0,-22.18,10.02,246,winner,0,0
1819,2026.07.12 23:41:02,EURUSD,SELL,5,5,-9.0075,0.00000,0.00014,27.81,-8.0690,4,23,0,0.7600,1.2601,50,-1e-05,13.19,-0.674419,3,8.069,29.9973,1.0,10.02,0,-22.18,10.02,246,winner,0,0
1820,2026.07.13 21:29:00,EURUSD,SELL,2,5,-6.8594,0.00001,0.00017,28.76,-5.7576,15,21,1,0.7600,1.2600,50,1e-05,0.95,0.214286,4,5.7576,7.5823,1.0,-29.38,1,-29.38,2.39,181,steamroller_bsl,1,1
1820,2026.07.13 21:29:00,EURUSD,SELL,3,5,-6.8594,0.00001,0.00017,28.76,-5.7576,15,21,1,0.7600,1.2600,50,1e-05,0.95,0.214286,4,5.7576,7.5823,1.0,-29.38,1,-29.38,2.39,181,steamroller_bsl,1,1
1820,2026.07.13 21:29:00,EURUSD,SELL,4,5,-6.8594,0.00001,0.00017,28.76,-5.7576,15,21,1,0.7600,1.2600,50,1e-05,0.95,0.214286,4,5.7576,7.5823,1.0,-29.38,1,-29.38,2.39,181,steamroller_bsl,1,1
1820,2026.07.13 21:29:00,EURUSD,SELL,5,5,-6.8594,0.00001,0.00017,28.76,-5.7576,15,21,1,0.7600,1.2600,50,1e-05,0.95,0.214286,4,5.7576,7.5823,1.0,-29.38,1,-29.38,2.39,181,steamroller_bsl,1,1
