basket_id,open_time,symbol,direction,regime,adx,atr,atr_expansion_rate,impulse_score,dist_ema_abs,spread_points,hour,adx_accel,consecutive_same_dir,ema_slope,profit,hit_bsl,hit_tp,mae,max_depth,label_class,y_steamroller
1490,2025.01.02 13:35:37,EURUSD,SELL,rotation,17.53,0.00061,-0.089552,3.4208,2.2432,4,13,0.98,1,-0.00001,10.03,0,1,-0.17,1,winner,0
1491,2025.01.02 20:22:05,EURUSD,SELL,compression,20.92,0.00035,-0.42623,9.637,6.2281,4,20,3.39,2,0.00002,-25.06,1,0,-25.06,5,steamroller_bsl,1
1492,2025.01.06 05:17:30,EURUSD,BUY,liquidity_vacuum,17.64,0.00013,-0.628571,1.515,2.8601,4,5,-3.28,1,-0.00001,10.08,0,1,-1.72,5,winner,0
1493,2025.01.06 10:25:42,EURUSD,BUY,impulse,26.79,0.00046,2.538462,45.846,3.0454,4,10,9.15,2,-0.00005,10.11,0,1,-2.86,4,winner,0
1494,2025.01.06 13:45:34,EURUSD,BUY,expansion,26.10,0.00081,0.76087,10.444,4.5414,4,13,-0.69,3,-0.00003,10.06,0,1,-18.84,5,winner,0
1495,2025.01.07 08:20:06,EURUSD,BUY,pullback_trend,29.84,0.00058,-0.283951,9.9588,1.5151,4,8,3.74,4,-0.00004,-25.11,1,0,-25.11,5,steamroller_bsl,1
1496,2025.01.08 13:23:39,EURUSD,SELL,rotation,18.41,0.00069,0.189655,3.3227,2.5044,4,13,-11.43,1,-0.00001,10.47,0,1,-5.88,3,winner,0
1497,2025.01.10 15:20:24,EURUSD,SELL,rotation,18.86,0.00109,0.57971,8.6011,1.2161,4,15,0.45,2,0.00005,-25.11,1,0,-25.11,4,steamroller_bsl,1
1498,2025.01.15 15:03:34,EURUSD,BUY,rotation,16.13,0.00080,-0.266055,1.2838,0.3352,4,15,-2.73,1,-0.00002,10.04,0,1,-13.76,4,winner,0
1499,2025.01.20 12:28:02,EURUSD,BUY,compression,17.65,0.00032,-0.6,4.517,1.9081,4,12,1.52,2,-0.00002,10.05,0,1,-1.56,3,winner,0
1500,2025.01.20 15:41:37,EURUSD,BUY,impulse,18.52,0.00135,3.21875,36.3905,3.0519,4,15,0.87,3,-0.00004,10.13,0,1,-8.23,4,winner,0
1501,2025.01.20 22:01:59,EURUSD,BUY,liquidity_vacuum,21.15,0.00027,-0.8,8.5456,3.5423,15,22,2.63,4,-0.00000,-25.10,1,0,-25.10,5,steamroller_bsl,1
1502,2025.01.21 11:51:03,EURUSD,SELL,rotation,17.71,0.00039,0.444444,5.9375,2.7722,4,11,-3.44,1,0.00003,-25.00,1,0,-25.00,5,steamroller_bsl,1
1503,2025.01.21 19:24:04,EURUSD,BUY,pullback_trend,23.66,0.00032,-0.179487,14.3538,6.2154,4,19,5.95,1,-0.00001,10.13,0,1,-11.37,5,winner,0
1504,2025.01.22 13:27:04,EURUSD,BUY,grind,24.21,0.00040,0.25,4.9407,0.9628,4,13,0.55,2,-0.00000,-25.05,1,0,-25.05,5,steamroller_bsl,1
1505,2025.01.23 16:25:00,EURUSD,SELL,expansion,28.84,0.00082,1.05,21.5637,0.8149,4,16,4.63,1,0.00011,-25.01,1,0,-25.01,5,steamroller_bsl,1
1506,2025.01.24 18:02:38,EURUSD,BUY,false_breakout,17.39,0.00034,-0.585366,2.8372,4.1486,4,18,-11.45,1,-0.00002,10.00,0,1,-23.00,5,winner,0
1507,2025.01.27 13:24:35,EURUSD,BUY,pullback_trend,22.49,0.00062,0.823529,20.3948,2.6381,5,13,5.1,2,0.00001,-25.04,1,0,-25.04,4,steamroller_bsl,1
1508,2025.01.28 01:31:52,EURUSD,SELL,liquidity_vacuum,23.58,0.00044,-0.290323,3.9054,3.7018,4,1,1.09,1,0.00004,18.53,0,1,-1.17,1,winner,0
1509,2025.02.03 05:01:35,EURUSD,SELL,liquidity_vacuum,26.22,0.00048,0.090909,8.8839,5.9792,4,5,2.64,2,0.00002,10.09,0,1,-6.51,5,winner,0
1510,2025.02.03 08:55:22,EURUSD,SELL,expansion,29.70,0.00083,0.729167,16.1042,0.2102,4,8,3.48,3,0.00005,-25.05,1,0,-25.05,5,steamroller_bsl,1
1511,2025.02.04 10:31:26,EURUSD,BUY,pullback_trend,26.31,0.00042,-0.493976,1.9827,3.1309,4,10,-3.39,1,-0.00002,10.11,0,1,-3.09,4,winner,0
1512,2025.02.04 21:22:41,EURUSD,BUY,false_breakout,19.70,0.00020,-0.52381,2.1776,4.7102,4,21,-6.61,2,-0.00002,10.11,0,1,-2.30,4,winner,0
1513,2025.02.05 08:37:38,EURUSD,BUY,impulse,28.30,0.00052,1.6,34.9368,0.9474,4,8,8.6,3,-0.00002,10.02,0,1,-4.83,5,winner,0
1514,2025.02.06 21:55:00,EURUSD,BUY,pullback_trend,25.54,0.00017,-0.673077,2.5289,2.1157,5,21,-2.76,4,-0.00002,10.27,0,1,-6.23,5,winner,0
1515,2025.02.07 14:29:34,EURUSD,SELL,impulse,15.44,0.00125,6.352941,64.5981,0.2749,4,14,-10.1,1,0.00003,10.08,0,1,-9.24,4,winner,0
1516,2025.02.13 13:37:54,EURUSD,SELL,grind,24.53,0.00059,-0.528,19.7381,1.4325,4,13,9.09,2,0.00001,10.10,0,1,-16.15,5,winner,0
1517,2025.02.13 18:45:00,EURUSD,BUY,pullback_trend,26.18,0.00084,0.423729,11.0068,1.878,4,18,1.65,1,-0.00024,10.02,0,1,-3.51,3,winner,0
1518,2025.02.13 23:34:02,EURUSD,BUY,false_breakout,19.71,0.00021,-0.75,5.3838,7.9354,5,23,-6.47,2,-0.00000,10.03,0,1,-5.42,5,winner,0
1519,2025.02.14 10:29:59,EURUSD,BUY,pullback_trend,22.35,0.00035,0.666667,14.0794,2.1311,4,10,2.64,3,0.00001,10.04,0,1,-4.92,4,winner,0
1520,2025.02.14 16:48:59,EURUSD,BUY,rotation,20.93,0.00037,0.057143,3.698,2.9063,4,16,-1.42,4,-0.00003,-25.10,1,0,-25.10,5,steamroller_bsl,1
1521,2025.02.18 19:24:15,EURUSD,SELL,grind,25.27,0.00027,-0.27027,10.0181,1.7524,4,19,4.34,1,0.00001,10.04,0,1,-17.11,5,winner,0
1522,2025.02.21 17:42:35,EURUSD,SELL,grind,21.68,0.00034,0.259259,4.2051,2.0499,2,17,-3.59,2,-0.00000,10.02,0,1,-19.53,5,winner,0
1523,2025.02.24 15:09:20,EURUSD,SELL,grind,24.07,0.00042,0.235294,9.0642,1.7251,1,15,2.39,3,-0.00000,10.00,0,1,-24.10,5,winner,0
1524,2025.02.27 06:02:39,EURUSD,SELL,liquidity_vacuum,21.12,0.00023,-0.452381,2.9489,3.3955,2,6,-2.95,4,0.00001,10.01,0,1,-9.39,5,winner,0
1525,2025.02.27 18:20:39,EURUSD,SELL,pullback_trend,23.79,0.00036,0.565217,15.1244,5.729,2,18,2.67,5,0.00003,10.01,0,1,-0.89,2,winner,0
1526,2025.02.28 20:55:28,EURUSD,SELL,pullback_trend,28.07,0.00031,-0.138889,12.7849,4.4995,2,20,4.28,6,0.00002,-25.16,1,0,-25.16,5,steamroller_bsl,1
1527,2025.03.03 17:33:21,EURUSD,BUY,false_breakout,22.81,0.00036,0.16129,3.9081,5.1807,2,17,-5.26,1,-0.00003,10.02,0,1,-6.48,5,winner,0
1528,2025.03.04 10:00:40,EURUSD,BUY,rotation,20.98,0.00056,0.555556,7.2297,2.2965,1,10,-1.83,2,-0.00002,10.01,0,1,-0.79,2,winner,0
1529,2025.03.04 14:15:24,EURUSD,BUY,pullback_trend,23.64,0.00065,0.160714,9.251,2.0953,1,14,2.66,3,-0.00005,10.03,0,1,-13.12,5,winner,0
1530,2025.03.05 00:00:38,EURUSD,BUY,liquidity_vacuum,19.57,0.00045,-0.307692,3.9572,5.8288,2,0,-4.07,4,-0.00000,10.04,0,1,-5.96,5,winner,0
1531,2025.03.05 10:26:21,EURUSD,BUY,impulse,29.90,0.00071,0.577778,30.6523,4.858,1,10,10.33,5,-0.00005,10.02,0,1,-2.38,2,winner,0
1532,2025.03.05 18:35:28,EURUSD,BUY,false_breakout,22.45,0.00063,-0.112676,4.1651,4.6606,2,18,-7.45,6,-0.00005,10.00,0,1,-0.63,1,winner,0
1533,2025.03.07 11:04:34,EURUSD,BUY,false_breakout,17.74,0.00047,-0.253968,5.1026,4.4105,1,11,-4.71,7,-0.00000,10.05,0,1,-3.03,4,winner,0
1534,2025.03.07 14:58:38,EURUSD,BUY,impulse,25.96,0.00114,1.425532,34.9476,0.2091,1,14,8.22,8,-0.00002,10.06,0,1,-8.18,4,winner,0
1535,2025.03.10 12:49:38,EURUSD,BUY,grind,25.76,0.00070,-0.385965,4.9499,0.1997,1,12,-0.2,9,0.00002,10.00,0,1,-5.02,2,winner,0
1536,2025.03.11 10:07:36,EURUSD,BUY,pullback_trend,24.85,0.00079,0.128571,7.7415,2.6232,1,10,-0.91,10,-0.00006,10.00,0,1,-2.28,2,winner,0
1537,2025.03.11 18:51:40,EURUSD,BUY,pullback_trend,25.66,0.00053,-0.329114,8.3225,2.4099,2,18,0.81,11,-0.00000,-25.04,1,0,-25.04,5,steamroller_bsl,1
1538,2025.03.13 07:16:37,EURUSD,SELL,rotation,16.51,0.00044,-0.169811,0.8392,0.5568,2,7,-9.15,1,0.00002,10.07,0,1,-22.48,5,winner,0
1539,2025.03.19 09:52:40,EURUSD,SELL,rotation,16.02,0.00054,0.227273,3.7853,1.6503,1,9,-0.49,2,0.00001,10.01,0,1,-1.23,2,winner,0
1540,2025.03.19 18:15:00,EURUSD,SELL,impulse,29.95,0.00069,0.277778,33.2563,0.4739,2,18,13.93,3,0.00011,10.01,0,1,-8.94,5,winner,0
1541,2025.03.20 12:02:00,EURUSD,SELL,rotation,19.81,0.00052,-0.246377,3.5219,2.8878,1,12,-10.14,4,0.00003,10.00,0,1,-0.86,1,winner,0
1542,2025.03.26 23:22:14,EURUSD,SELL,liquidity_vacuum,22.28,0.00026,-0.5,9.0271,4.7485,11,23,2.47,5,-0.00001,-25.00,1,0,-25.00,5,steamroller_bsl,1
1543,2025.03.27 12:56:59,EURUSD,BUY,liquidity_vacuum,17.24,0.00042,0.615385,6.9917,1.3515,8,12,-5.04,1,-0.00001,10.00,0,1,-3.44,2,winner,0
1544,2025.03.28 16:58:31,EURUSD,BUY,liquidity_vacuum,20.09,0.00053,0.261905,10.2493,2.5211,10,16,2.85,2,-0.00004,10.03,0,1,-3.17,3,winner,0
1545,2025.03.31 08:18:17,EURUSD,BUY,liquidity_vacuum,18.75,0.00062,0.169811,3.312,0.4557,8,8,-1.34,3,-0.00004,10.04,0,1,-20.06,5,winner,0
1546,2025.04.02 19:06:45,EURUSD,BUY,liquidity_vacuum,23.97,0.00036,-0.419355,13.617,4.308,8,19,5.22,4,-0.00003,10.28,0,1,-5.12,5,winner,0
1547,2025.04.02 21:26:58,EURUSD,BUY,liquidity_vacuum,19.39,0.00128,2.555556,31.0459,0.3613,8,21,-4.58,5,0.00026,10.04,0,1,-9.20,4,winner,0
1548,2025.04.02 22:23:59,EURUSD,BUY,liquidity_vacuum,16.84,0.00271,1.117188,18.6939,0.888,15,22,-2.55,6,-0.00017,10.00,0,1,-1.46,1,winner,0
1549,2025.04.03 05:09:30,EURUSD,BUY,liquidity_vacuum,18.51,0.00047,-0.826568,9.6243,4.737,10,5,1.67,7,-0.00001,10.01,0,1,-0.39,1,winner,0
1550,2025.04.03 14:33:19,EURUSD,BUY,liquidity_vacuum,24.25,0.00151,2.212766,38.5092,3.2061,8,14,5.74,8,0.00000,10.06,0,1,-18.22,4,winner,0
1551,2025.04.04 06:50:00,EURUSD,BUY,liquidity_vacuum,29.74,0.00056,-0.629139,16.858,1.5121,8,6,5.49,9,-0.00010,-25.12,1,0,-25.12,5,steamroller_bsl,1
1552,2025.04.04 11:56:30,EURUSD,SELL,liquidity_vacuum,27.98,0.00135,1.410714,16.8223,0.4607,8,11,-1.76,1,0.00011,10.04,0,1,-15.19,3,winner,0
1553,2025.04.04 16:53:40,EURUSD,SELL,liquidity_vacuum,19.33,0.00147,0.088889,2.2856,0.7869,8,16,-8.65,2,0.00009,11.69,0,1,-1.21,1,winner,0
1554,2025.04.06 23:01:56,EURUSD,SELL,liquidity_vacuum,29.83,0.00132,-0.102041,24.0388,2.1553,8,23,10.5,3,-0.00001,-25.01,1,0,-25.01,5,steamroller_bsl,1
1555,2025.04.07 03:07:56,EURUSD,BUY,liquidity_vacuum,19.28,0.00088,-0.333333,1.1863,0.7453,8,3,-10.55,1,-0.00006,10.00,0,1,-5.79,3,winner,0
1556,2025.04.08 08:19:39,EURUSD,BUY,liquidity_vacuum,28.58,0.00077,-0.125,20.4943,0.7771,8,8,9.3,2,0.00001,-25.00,1,0,-25.00,5,steamroller_bsl,1
1557,2025.04.08 17:41:04,EURUSD,SELL,liquidity_vacuum,23.29,0.00067,-0.12987,1.1123,1.2492,9,17,-5.29,1,0.00004,-25.01,1,0,-25.01,4,steamroller_bsl,1
1558,2025.04.09 03:43:37,EURUSD,BUY,liquidity_vacuum,23.10,0.00073,0.089552,3.1041,3.6343,8,3,-0.19,1,-0.00004,10.01,0,1,-1.93,2,winner,0
1559,2025.04.09 11:23:27,EURUSD,BUY,liquidity_vacuum,26.77,0.00084,0.150685,10.6058,0.2358,8,11,3.67,2,0.00003,10.05,0,1,-15.25,5,winner,0
1560,2025.04.11 06:01:26,EURUSD,BUY,liquidity_vacuum,25.22,0.00074,-0.119048,2.7736,4.2944,10,6,-1.55,3,0.00001,10.02,0,1,-23.98,5,winner,0
1561,2025.04.11 11:00:29,EURUSD,BUY,liquidity_vacuum,20.56,0.00180,1.432432,18.0939,1.8784,8,11,-4.66,4,-0.00012,10.02,0,1,-7.36,2,winner,0
1562,2025.04.11 14:50:00,EURUSD,BUY,liquidity_vacuum,28.42,0.00241,0.338889,24.5784,0.6782,8,14,7.86,5,-0.00040,10.05,0,1,-11.75,3,winner,0
1563,2025.04.14 04:00:00,EURUSD,BUY,liquidity_vacuum,25.74,0.00080,-0.66805,6.3727,1.8906,9,4,-2.68,6,-0.00011,10.04,0,1,-3.58,3,winner,0
1564,2025.04.14 08:32:39,EURUSD,BUY,liquidity_vacuum,28.82,0.00111,0.3875,14.5262,1.1647,8,8,3.08,7,-0.00004,-25.00,1,0,-25.00,3,steamroller_bsl,1
1565,2025.04.14 17:13:37,EURUSD,SELL,liquidity_vacuum,24.02,0.00099,-0.108108,1.4377,0.5509,8,17,-4.8,1,0.00004,10.02,0,1,-0.99,1,winner,0
1566,2025.04.15 20:06:32,EURUSD,SELL,liquidity_vacuum,19.82,0.00043,-0.565657,2.1375,4.55,10,20,-4.2,2,0.00004,-25.09,1,0,-25.09,5,steamroller_bsl,1
1567,2025.04.16 11:02:43,EURUSD,BUY,liquidity_vacuum,16.50,0.00086,1.0,11.4723,0.2893,8,11,-3.32,1,-0.00005,10.00,0,1,-2.12,2,winner,0
1568,2025.04.17 00:57:38,EURUSD,BUY,liquidity_vacuum,28.76,0.00035,-0.593023,26.5853,1.8612,12,0,12.26,2,0.00001,-25.04,1,0,-25.04,5,steamroller_bsl,1
1569,2025.04.17 14:00:34,EURUSD,SELL,liquidity_vacuum,29.15,0.00106,2.028571,21.6857,0.0801,8,14,0.39,1,0.00000,-25.03,1,0,-25.03,3,steamroller_bsl,1
1570,2025.04.21 10:54:33,EURUSD,BUY,liquidity_vacuum,27.21,0.00074,-0.301887,1.9787,3.9148,8,10,-1.94,1,-0.00005,-25.03,1,0,-25.03,5,steamroller_bsl,1
1571,2025.04.21 17:53:17,EURUSD,SELL,liquidity_vacuum,26.91,0.00054,-0.27027,1.2975,0.7901,8,17,-0.3,1,0.00001,10.00,0,1,-9.65,3,winner,0
1572,2025.04.22 14:48:40,EURUSD,SELL,liquidity_vacuum,25.97,0.00063,0.166667,3.7657,2.3963,11,14,-0.94,2,-0.00004,10.05,0,1,-3.21,3,winner,0
1573,2025.04.23 01:10:00,EURUSD,SELL,liquidity_vacuum,23.50,0.00084,0.333333,7.5449,3.6462,8,1,-2.47,3,0.00014,-25.09,1,0,-25.09,5,steamroller_bsl,1
1574,2025.04.23 14:28:05,EURUSD,BUY,liquidity_vacuum,13.01,0.00058,-0.309524,2.2029,0.8118,8,14,-10.49,1,-0.00001,-25.00,1,0,-25.00,3,steamroller_bsl,1
1575,2025.04.23 23:00:17,EURUSD,SELL,liquidity_vacuum,17.99,0.00032,-0.448276,11.9451,5.1404,14,23,4.98,1,0.00001,-25.02,1,0,-25.02,5,steamroller_bsl,1
1576,2025.04.24 11:58:13,EURUSD,BUY,liquidity_vacuum,21.63,0.00052,0.625,14.7195,2.3581,9,11,3.64,1,-0.00000,10.02,0,1,-11.23,5,winner,0
1577,2025.04.24 21:59:37,EURUSD,BUY,liquidity_vacuum,29.29,0.00034,-0.346154,17.1754,1.8215,19,21,7.66,2,0.00004,-25.01,1,0,-25.01,4,steamroller_bsl,1
1578,2025.04.25 06:07:34,EURUSD,SELL,liquidity_vacuum,28.81,0.00045,0.323529,4.6023,3.0682,11,6,-0.48,1,0.00003,-25.07,1,0,-25.07,5,steamroller_bsl,1
1579,2025.04.28 21:59:39,EURUSD,BUY,liquidity_vacuum,24.61,0.00030,-0.333333,1.721,4.8842,27,21,-4.2,1,0.00003,-25.00,1,0,-25.00,5,steamroller_bsl,1
1580,2025.04.30 04:17:38,EURUSD,SELL,liquidity_vacuum,22.75,0.00031,0.033333,1.3481,2.0589,8,4,-1.86,1,0.00003,10.07,0,1,-9.23,5,winner,0
1581,2025.04.30 12:22:36,EURUSD,SELL,liquidity_vacuum,19.35,0.00039,0.258065,4.0864,1.223,9,12,-3.4,2,0.00001,10.11,0,1,-6.74,5,winner,0
1582,2025.04.30 15:51:02,EURUSD,SELL,liquidity_vacuum,19.30,0.00071,0.820513,11.0331,0.112,8,15,-0.05,3,-0.00012,10.01,0,1,-1.17,2,winner,0
1583,2025.04.30 23:00:35,EURUSD,SELL,liquidity_vacuum,22.92,0.00022,-0.690141,11.6028,5.4513,15,23,3.62,4,-0.00002,10.02,0,1,-12.26,4,winner,0
1584,2025.05.05 19:52:06,EURUSD,SELL,liquidity_vacuum,23.97,0.00025,0.136364,7.6617,5.5921,11,19,1.05,5,0.00001,10.05,0,1,-4.90,5,winner,0
1585,2025.05.06 03:02:14,EURUSD,SELL,liquidity_vacuum,26.87,0.00054,1.16,20.9133,1.6531,10,3,2.9,6,0.00002,-25.01,1,0,-25.01,5,steamroller_bsl,1
1586,2025.05.06 16:07:54,EURUSD,BUY,liquidity_vacuum,24.06,0.00090,0.666667,8.0381,0.2859,8,16,-2.81,1,-0.00006,-25.10,1,0,-25.10,5,steamroller_bsl,1
1587,2025.05.08 20:50:40,EURUSD,SELL,liquidity_vacuum,23.46,0.00044,-0.511111,2.6908,5.5632,8,20,-0.6,1,0.00002,21.68,0,1,-13.20,5,winner,0
1588,2025.05.11 23:35:39,EURUSD,SELL,liquidity_vacuum,16.47,0.00055,0.25,4.1087,2.4346,8,23,-6.99,2,0.00002,10.01,0,1,-2.17,3,winner,0
1589,2025.05.12 12:45:37,EURUSD,SELL,liquidity_vacuum,29.00,0.00080,0.454545,32.838,5.3301,9,12,12.53,3,0.00006,10.04,0,1,-7.56,4,winner,0
1590,2025.05.12 21:00:37,EURUSD,SELL,liquidity_vacuum,28.09,0.00042,-0.475,2.7372,2.1486,9,21,-0.91,4,0.00004,-25.11,1,0,-25.11,5,steamroller_bsl,1
1591,2025.05.13 21:56:59,EURUSD,BUY,liquidity_vacuum,23.83,0.00025,-0.404762,2.711,6.8439,12,21,-4.26,1,-0.00001,10.04,0,1,-1.15,3,winner,0
1592,2025.05.14 12:51:25,EURUSD,BUY,liquidity_vacuum,28.51,0.00056,1.24,23.3579,0.7914,8,12,4.68,2,-0.00005,-25.07,1,0,-25.07,5,steamroller_bsl,1
1593,2025.05.16 19:11:30,EURUSD,SELL,liquidity_vacuum,18.13,0.00031,-0.446429,2.6646,6.2585,9,19,-10.38,1,0.00001,-25.04,1,0,-25.04,5,steamroller_bsl,1
1594,2025.05.19 12:34:27,EURUSD,BUY,liquidity_vacuum,17.18,0.00059,0.903226,11.3717,4.9579,8,12,-0.95,1,-0.00005,10.08,0,1,-18.57,5,winner,0
1595,2025.05.20 10:39:02,EURUSD,BUY,liquidity_vacuum,20.49,0.00056,-0.050847,7.8488,0.1154,8,10,3.31,2,-0.00003,10.04,0,1,-7.90,3,winner,0
1596,2025.05.21 07:02:15,EURUSD,BUY,liquidity_vacuum,12.15,0.00045,-0.196429,2.7028,3.2113,8,7,-8.34,3,0.00001,10.00,0,1,-3.40,4,winner,0
1597,2025.05.21 18:39:28,EURUSD,BUY,liquidity_vacuum,21.52,0.00053,0.177778,22.9146,0.7872,9,18,9.37,4,-0.00001,-25.02,1,0,-25.02,5,steamroller_bsl,1
1598,2025.05.22 20:25:00,EURUSD,SELL,liquidity_vacuum,28.86,0.00031,-0.415094,16.0091,0.9163,8,20,7.34,1,0.00005,-25.03,1,0,-25.03,3,steamroller_bsl,1
1599,2025.05.23 12:45:00,EURUSD,BUY,liquidity_vacuum,28.74,0.00099,2.193548,24.7486,0.0525,8,12,-0.12,1,-0.00018,10.01,0,1,-10.69,5,winner,0
1600,2025.05.23 15:08:42,EURUSD,SELL,liquidity_vacuum,25.97,0.00087,-0.121212,1.8105,0.4419,8,15,-2.77,1,-0.00006,13.02,0,1,-14.28,5,winner,0
1601,2025.05.27 12:20:37,EURUSD,SELL,liquidity_vacuum,28.00,0.00044,-0.494253,6.2101,2.6003,9,12,2.03,2,-0.00001,10.01,0,1,-7.84,5,winner,0
1602,2025.05.27 19:14:37,EURUSD,SELL,liquidity_vacuum,16.28,0.00026,-0.409091,2.4644,3.4576,11,19,-11.72,3,-0.00002,10.03,0,1,-1.91,2,winner,0
1603,2025.05.28 18:27:36,EURUSD,SELL,liquidity_vacuum,18.44,0.00030,0.153846,9.0399,2.3257,11,18,2.16,4,0.00004,10.08,0,1,-9.04,5,winner,0
1604,2025.05.30 11:13:38,EURUSD,SELL,liquidity_vacuum,20.28,0.00037,0.233333,9.7407,2.1094,8,11,1.84,5,-0.00003,10.15,0,1,-8.30,5,winner,0
1605,2025.05.30 15:51:39,EURUSD,SELL,liquidity_vacuum,18.55,0.00081,1.189189,15.0655,0.2946,8,15,-1.73,6,-0.00002,-25.02,1,0,-25.02,3,steamroller_bsl,1
1606,2025.06.02 11:55:38,EURUSD,BUY,liquidity_vacuum,29.26,0.00049,-0.395062,22.7771,2.6285,9,11,10.71,1,-0.00004,10.05,0,1,-2.04,3,winner,0
1607,2025.06.02 16:56:38,EURUSD,BUY,liquidity_vacuum,19.06,0.00051,0.040816,1.7325,0.8974,9,16,-10.2,2,-0.00003,10.00,0,1,-21.00,5,winner,0
1608,2025.06.04 19:01:39,EURUSD,BUY,liquidity_vacuum,25.73,0.00034,-0.333333,15.6995,3.4381,11,19,6.67,3,-0.00003,10.02,0,1,-6.78,5,winner,0
1609,2025.06.05 13:57:02,EURUSD,BUY,liquidity_vacuum,26.52,0.00091,1.676471,21.0168,0.2882,8,13,0.79,4,0.00003,10.00,0,1,-0.94,2,winner,0
1610,2025.06.05 15:46:38,EURUSD,BUY,liquidity_vacuum,21.68,0.00088,-0.032967,3.5739,2.2955,8,15,-4.84,5,-0.00002,-25.02,1,0,-25.02,4,steamroller_bsl,1
1611,2025.06.06 15:11:42,EURUSD,SELL,liquidity_vacuum,29.52,0.00088,0.0,16.9199,0.9597,8,15,7.84,1,0.00003,-25.00,1,0,-25.00,3,steamroller_bsl,1
1612,2025.06.11 19:18:34,EURUSD,BUY,liquidity_vacuum,21.56,0.00024,-0.727273,2.5248,7.6994,12,19,-7.96,1,0.00002,10.08,0,1,-3.77,5,winner,0
1613,2025.06.12 03:51:15,EURUSD,BUY,liquidity_vacuum,28.07,0.00034,0.416667,19.368,2.3254,10,3,6.51,2,-0.00004,10.00,0,1,-0.62,2,winner,0
1614,2025.06.12 14:22:59,EURUSD,BUY,liquidity_vacuum,26.20,0.00095,1.794118,20.4558,2.8585,10,14,-1.87,3,-0.00007,10.00,0,1,-7.84,4,winner,0
1615,2025.06.13 06:06:27,EURUSD,SELL,liquidity_vacuum,22.09,0.00053,-0.442105,2.0422,3.3687,12,6,-4.11,1,0.00000,10.03,0,1,-7.97,5,winner,0
1616,2025.06.13 13:05:40,EURUSD,SELL,liquidity_vacuum,29.30,0.00060,0.132075,17.7834,2.1706,8,13,7.21,2,0.00005,-25.01,1,0,-25.01,5,steamroller_bsl,1
1617,2025.06.16 11:18:15,EURUSD,BUY,liquidity_vacuum,23.72,0.00039,-0.35,1.9117,2.8467,12,11,-5.58,1,-0.00002,-25.00,1,0,-25.00,5,steamroller_bsl,1
1618,2025.06.17 21:50:39,EURUSD,SELL,liquidity_vacuum,23.29,0.00037,-0.051282,2.3177,6.0708,10,21,-0.43,1,0.00001,10.04,0,1,-19.66,5,winner,0
1619,2025.06.18 23:03:15,EURUSD,SELL,liquidity_vacuum,22.22,0.00036,-0.027027,1.6289,2.1155,12,23,-1.07,2,0.00002,20.77,0,1,-21.93,5,winner,0
1620,2025.06.22 23:04:26,EURUSD,SELL,liquidity_vacuum,19.46,0.00089,1.472222,18.4618,2.1583,8,23,-2.76,3,-0.00015,-25.01,1,0,-25.01,3,steamroller_bsl,1
1621,2025.06.24 01:50:29,EURUSD,BUY,liquidity_vacuum,26.37,0.00049,-0.449438,16.6906,3.4824,8,1,6.91,1,0.00000,10.00,0,1,-2.72,3,winner,0
1622,2025.06.24 16:56:36,EURUSD,BUY,liquidity_vacuum,25.91,0.00060,0.22449,3.9054,0.242,8,16,-0.46,2,-0.00006,10.01,0,1,-1.92,1,winner,0
1623,2025.06.26 05:12:05,EURUSD,BUY,liquidity_vacuum,23.61,0.00057,-0.05,2.1293,1.7172,10,5,-2.3,3,-0.00004,10.03,0,1,-2.39,3,winner,0
1624,2025.06.26 11:42:26,EURUSD,BUY,liquidity_vacuum,16.80,0.00045,-0.210526,2.8681,3.0723,11,11,-6.81,4,-0.00003,10.01,0,1,-9.79,5,winner,0
1625,2025.06.26 19:25:37,EURUSD,BUY,liquidity_vacuum,12.62,0.00032,-0.288889,2.9365,1.7462,10,19,-4.18,5,-0.00003,10.02,0,1,-17.48,5,winner,0
1626,2025.06.27 14:31:27,EURUSD,BUY,liquidity_vacuum,26.68,0.00086,1.6875,48.3553,0.6413,8,14,14.06,6,-0.00005,10.01,0,1,-5.71,2,winner,0
1627,2025.07.01 02:35:36,EURUSD,BUY,liquidity_vacuum,25.88,0.00036,-0.581395,4.3284,2.5137,12,2,-0.8,7,-0.00003,10.12,0,1,-7.04,4,winner,0
1628,2025.07.01 12:28:02,EURUSD,BUY,liquidity_vacuum,24.82,0.00039,0.083333,5.5762,2.1714,12,12,-1.06,8,-0.00005,-25.01,1,0,-25.01,5,steamroller_bsl,1
1629,2025.07.02 13:25:00,EURUSD,SELL,liquidity_vacuum,29.32,0.00075,0.923077,21.7109,1.1204,8,13,4.5,1,0.00022,10.04,0,1,-4.42,3,winner,0
1630,2025.07.03 18:20:00,EURUSD,SELL,liquidity_vacuum,29.92,0.00036,-0.52,4.5247,2.4986,8,18,0.6,2,0.00005,10.00,0,1,-15.10,5,winner,0
1631,2025.07.07 11:16:35,EURUSD,SELL,liquidity_vacuum,25.86,0.00029,-0.194444,3.3205,5.2821,8,11,-4.06,3,-0.00000,10.01,0,1,-2.17,3,winner,0
1632,2025.07.07 19:42:13,EURUSD,SELL,liquidity_vacuum,14.21,0.00050,0.724138,9.9064,2.2601,10,19,-11.65,4,0.00001,10.09,0,1,-18.26,5,winner,0
1633,2025.07.08 16:16:28,EURUSD,SELL,liquidity_vacuum,20.77,0.00054,0.08,17.5473,2.9092,8,16,6.56,5,0.00005,10.02,0,1,-15.29,5,winner,0
1634,2025.07.10 17:07:59,EURUSD,SELL,liquidity_vacuum,23.61,0.00047,-0.12963,9.8445,3.0581,12,17,2.84,6,0.00001,10.05,0,1,-4.41,2,winner,0
1635,2025.07.15 19:16:02,EURUSD,SELL,liquidity_vacuum,27.50,0.00027,-0.425532,13.8638,9.9353,10,19,3.89,7,0.00002,10.07,0,1,-10.73,5,winner,0
1636,2025.07.16 18:56:29,EURUSD,BUY,liquidity_vacuum,25.59,0.00078,1.888889,20.4767,1.5511,9,18,-1.91,1,-0.00005,10.01,0,1,-22.01,5,winner,0
1637,2025.07.18 15:53:04,EURUSD,BUY,liquidity_vacuum,15.14,0.00055,-0.294872,1.6849,0.7398,11,15,-10.45,2,-0.00000,10.01,0,1,-10.15,4,winner,0
1638,2025.07.21 14:38:59,EURUSD,BUY,liquidity_vacuum,28.69,0.00032,-0.418182,29.2575,2.6301,11,14,13.55,3,0.00000,10.00,0,1,-0.12,1,winner,0
1639,2025.07.22 18:31:39,EURUSD,BUY,liquidity_vacuum,27.96,0.00042,0.3125,6.6103,5.5414,10,18,-0.73,4,-0.00001,10.08,0,1,-10.85,5,winner,0
1640,2025.07.23 18:51:37,EURUSD,BUY,liquidity_vacuum,14.18,0.00049,0.166667,5.3998,1.7324,8,18,-13.78,5,0.00007,-25.00,1,0,-25.00,3,steamroller_bsl,1
1641,2025.07.28 13:36:31,EURUSD,SELL,liquidity_vacuum,25.27,0.00066,0.346939,27.4653,3.6638,8,13,11.09,1,0.00003,10.01,0,1,-0.43,1,winner,0
1642,2025.07.29 11:14:24,EURUSD,SELL,liquidity_vacuum,29.77,0.00046,-0.30303,10.237,0.5479,8,11,4.5,2,0.00002,10.01,0,1,-1.95,2,winner,0
1643,2025.07.29 15:23:34,EURUSD,SELL,liquidity_vacuum,26.74,0.00073,0.586957,8.3135,1.7757,9,15,-3.03,3,-0.00003,10.01,0,1,-7.79,4,winner,0
1644,2025.07.30 16:14:05,EURUSD,SELL,liquidity_vacuum,28.66,0.00045,-0.383562,7.3619,6.0876,10,16,1.92,4,-0.00003,10.06,0,1,-4.46,4,winner,0
1645,2025.07.30 23:02:35,EURUSD,SELL,liquidity_vacuum,21.65,0.00036,-0.2,5.0418,9.767,13,23,-7.01,5,-0.00002,10.05,0,1,-21.15,5,winner,0
1646,2025.08.01 11:11:38,EURUSD,SELL,liquidity_vacuum,28.62,0.00042,0.166667,19.4633,1.4265,10,11,6.97,6,0.00003,-25.04,1,0,-25.04,5,steamroller_bsl,1
1647,2025.08.01 16:27:59,EURUSD,BUY,liquidity_vacuum,25.98,0.00098,1.333333,16.0321,5.195,8,16,-2.64,1,-0.00006,10.00,0,1,-3.02,2,winner,0
1648,2025.08.03 23:15:38,EURUSD,BUY,liquidity_vacuum,22.78,0.00031,-0.683673,3.746,9.7839,17,23,-3.2,2,-0.00003,10.03,0,1,-24.92,5,winner,0
1649,2025.08.06 16:40:28,EURUSD,BUY,liquidity_vacuum,29.34,0.00062,1.0,25.5725,2.2099,8,16,6.56,3,0.00001,10.00,0,1,-6.14,3,winner,0
1650,2025.08.12 19:20:00,EURUSD,BUY,liquidity_vacuum,18.21,0.00038,-0.387097,3.6802,3.9209,12,19,-11.13,4,-0.00006,10.01,0,1,-0.87,2,winner,0
1651,2025.08.13 11:56:40,EURUSD,BUY,liquidity_vacuum,27.08,0.00031,-0.184211,21.8475,4.4302,9,11,8.87,5,-0.00001,-25.11,1,0,-25.11,5,steamroller_bsl,1
1652,2025.08.14 15:30:35,EURUSD,SELL,liquidity_vacuum,29.86,0.00064,1.064516,17.7183,2.0525,8,15,2.78,1,0.00004,10.11,0,1,-8.99,5,winner,0
1653,2025.08.18 12:03:53,EURUSD,SELL,liquidity_vacuum,11.58,0.00027,-0.578125,1.9639,2.2557,10,12,-18.28,2,0.00000,10.00,0,1,-1.54,2,winner,0
1654,2025.08.20 04:05:18,EURUSD,SELL,liquidity_vacuum,27.07,0.00030,0.111111,34.5832,2.7683,11,4,15.49,3,0.00003,10.01,0,1,-18.39,5,winner,0
1655,2025.08.21 18:02:35,EURUSD,SELL,liquidity_vacuum,23.96,0.00028,-0.066667,3.4442,4.9766,11,18,-3.11,4,0.00001,-25.01,1,0,-25.01,2,steamroller_bsl,1
1656,2025.08.24 23:05:05,EURUSD,BUY,liquidity_vacuum,18.13,0.00031,0.107143,3.0868,4.4614,8,23,-5.83,1,-0.00003,-25.01,1,0,-25.01,5,steamroller_bsl,1
1657,2025.08.25 23:07:28,EURUSD,SELL,liquidity_vacuum,28.42,0.00019,-0.387097,24.1888,10.8352,8,23,10.29,1,0.00001,10.00,0,1,-17.40,5,winner,0
1658,2025.08.26 10:07:18,EURUSD,SELL,liquidity_vacuum,12.89,0.00050,1.631579,17.5158,0.4,8,10,-15.53,2,0.00002,10.16,0,1,-10.59,5,winner,0
1659,2025.08.27 12:36:00,EURUSD,SELL,liquidity_vacuum,28.89,0.00036,-0.28,34.5438,3.7753,9,12,16.0,3,0.00001,-25.01,1,0,-25.01,5,steamroller_bsl,1
1660,2025.08.28 04:39:16,EURUSD,BUY,liquidity_vacuum,28.87,0.00021,-0.416667,1.4624,2.2496,11,4,-0.02,1,-0.00003,10.03,0,1,-7.07,5,winner,0
1661,2025.08.28 13:31:38,EURUSD,BUY,liquidity_vacuum,20.51,0.00039,0.857143,10.6853,2.4554,8,13,-8.36,2,0.00002,10.01,0,1,-2.23,2,winner,0
1662,2025.09.01 08:33:43,EURUSD,BUY,liquidity_vacuum,29.84,0.00039,0.0,20.8762,2.0649,11,8,9.33,3,0.00000,-25.00,1,0,-25.00,5,steamroller_bsl,1
1663,2025.09.02 12:41:03,EURUSD,SELL,liquidity_vacuum,23.77,0.00051,0.307692,4.8669,3.96,8,12,-6.07,1,0.00003,10.00,0,1,-16.75,5,winner,0
1664,2025.09.03 02:37:06,EURUSD,SELL,liquidity_vacuum,29.32,0.00030,-0.411765,12.597,1.188,9,2,5.55,2,0.00001,10.01,0,1,-2.35,4,winner,0
1665,2025.09.03 08:50:04,EURUSD,SELL,liquidity_vacuum,26.87,0.00060,1.0,11.8558,0.2232,8,8,-2.45,3,0.00004,-25.10,1,0,-25.10,5,steamroller_bsl,1
1666,2025.09.05 15:39:36,EURUSD,BUY,pullback_trend,28.28,0.00084,0.4,8.2426,2.4903,1,15,1.41,1,0.00001,10.01,0,1,-3.49,2,winner,0
1667,2025.09.09 02:26:51,EURUSD,BUY,liquidity_vacuum,18.67,0.00026,-0.690476,1.8885,2.354,2,2,-9.61,2,-0.00002,-25.03,1,0,-25.03,5,steamroller_bsl,1
1668,2025.09.09 21:18:35,EURUSD,SELL,liquidity_vacuum,19.51,0.00021,-0.192308,3.7484,6.2735,17,21,0.84,1,-0.00002,10.03,0,1,-7.12,5,winner,0
1669,2025.09.10 14:18:42,EURUSD,SELL,impulse,15.25,0.00098,3.666667,38.2434,0.7068,1,14,-4.26,2,0.00002,-25.09,1,0,-25.09,5,steamroller_bsl,1
1670,2025.09.16 06:45:35,EURUSD,BUY,liquidity_vacuum,23.71,0.00019,-0.806122,18.2163,1.9851,2,6,8.46,1,-0.00001,10.00,0,1,-0.19,1,winner,0
1671,2025.09.16 20:23:33,EURUSD,BUY,false_breakout,21.62,0.00031,0.631579,9.0005,5.939,2,20,-2.09,2,0.00001,10.04,0,1,-10.29,5,winner,0
1672,2025.09.17 20:31:41,EURUSD,BUY,impulse,24.95,0.00169,4.451613,54.0162,0.9603,2,20,3.33,3,-0.00010,-25.10,1,0,-25.10,4,steamroller_bsl,1
1673,2025.09.19 17:58:32,EURUSD,SELL,compression,21.94,0.00040,-0.763314,1.6105,0.442,2,17,-3.01,1,0.00000,10.02,0,1,-16.58,5,winner,0
1674,2025.09.24 13:10:33,EURUSD,SELL,pullback_trend,28.94,0.00037,-0.075,16.3683,4.6731,1,13,7.0,2,0.00002,10.00,0,1,-0.18,1,winner,0
1675,2025.09.25 20:15:34,EURUSD,SELL,false_breakout,19.05,0.00035,-0.054054,3.1987,6.3948,2,20,-9.89,3,0.00003,-25.09,1,0,-25.09,5,steamroller_bsl,1
1676,2025.09.29 06:36:43,EURUSD,BUY,liquidity_vacuum,28.07,0.00030,-0.142857,19.4607,2.0829,2,6,9.02,1,-0.00001,10.04,0,1,-6.11,5,winner,0
1677,2025.09.29 15:19:55,EURUSD,BUY,grind,22.21,0.00056,0.866667,10.0568,1.1606,1,15,-5.86,2,0.00000,10.00,0,1,-5.09,3,winner,0
1678,2025.10.01 08:56:34,EURUSD,BUY,pullback_trend,29.52,0.00074,0.321429,19.9834,0.1966,1,8,7.31,3,-0.00006,10.00,0,1,-22.79,5,winner,0
1679,2025.10.03 15:46:37,EURUSD,BUY,rotation,15.48,0.00071,-0.040541,2.341,0.1642,1,15,-14.04,4,-0.00003,-25.10,1,0,-25.10,5,steamroller_bsl,1
1680,2025.10.07 11:09:25,EURUSD,SELL,compression,22.82,0.00034,-0.521127,16.1237,3.7746,1,11,7.34,1,-0.00003,10.02,0,1,-2.16,3,winner,0
1681,2025.10.08 07:06:38,EURUSD,SELL,pullback_trend,22.42,0.00033,-0.029412,2.2425,3.37,2,7,-0.4,2,0.00001,10.04,0,1,-4.41,5,winner,0
1682,2025.10.08 14:49:59,EURUSD,BUY,grind,24.00,0.00047,0.424242,8.0079,0.0218,1,14,1.58,1,0.00002,10.04,0,1,-9.40,4,winner,0
1683,2025.10.09 04:19:05,EURUSD,BUY,liquidity_vacuum,24.76,0.00025,-0.468085,3.566,2.5841,2,4,0.76,2,-0.00002,-25.03,1,0,-25.03,5,steamroller_bsl,1
1684,2025.10.09 18:25:38,EURUSD,SELL,false_breakout,10.86,0.00044,0.76,9.8876,5.1506,2,18,-13.9,1,0.00003,-25.11,1,0,-25.11,5,steamroller_bsl,1
1685,2025.10.10 18:09:29,EURUSD,BUY,impulse,22.22,0.00063,0.431818,28.2971,1.8356,2,18,11.36,1,0.00000,10.14,0,1,-16.66,5,winner,0
1686,2025.10.14 21:10:32,EURUSD,BUY,liquidity_vacuum,21.74,0.00028,-0.555556,1.9972,2.3888,17,21,-0.48,2,-0.00004,10.02,0,1,-0.50,2,winner,0
1687,2025.10.16 04:04:34,EURUSD,BUY,liquidity_vacuum,27.22,0.00027,-0.035714,13.7611,3.6044,2,4,5.48,3,0.00000,10.04,0,1,-6.76,5,winner,0
1688,2025.10.16 16:48:35,EURUSD,BUY,grind,26.69,0.00041,0.518519,7.5865,0.8054,1,16,-0.53,4,-0.00002,-25.03,1,0,-25.03,5,steamroller_bsl,1
1689,2025.10.21 14:16:40,EURUSD,SELL,rotation,18.72,0.00046,0.121951,2.2656,0.9843,1,14,-7.97,1,0.00001,10.35,0,1,-21.80,5,winner,0
1690,2025.10.29 21:50:35,EURUSD,SELL,liquidity_vacuum,21.42,0.00022,-0.521739,8.1186,6.8742,21,21,2.7,2,0.00001,10.01,0,1,-14.84,5,winner,0
1691,2025.10.30 16:44:32,EURUSD,SELL,expansion,26.12,0.00043,0.954545,21.3177,3.0889,1,16,4.7,3,0.00000,10.03,0,1,-0.85,2,winner,0
1692,2025.10.31 15:53:38,EURUSD,SELL,rotation,21.11,0.00049,0.139535,4.5919,2.7862,1,15,-5.01,4,-0.00005,10.03,0,1,-0.99,2,winner,0
1693,2025.11.04 15:36:29,EURUSD,SELL,pullback_trend,27.38,0.00045,-0.081633,16.3233,1.933,1,15,6.27,5,0.00003,-25.03,1,0,-25.03,5,steamroller_bsl,1
1694,2025.11.07 12:57:37,EURUSD,BUY,pullback_trend,27.35,0.00033,-0.266667,1.3948,2.3792,1,12,-0.03,1,-0.00000,10.05,0,1,-1.32,2,winner,0
1695,2025.11.11 15:08:34,EURUSD,BUY,rotation,21.00,0.00044,0.333333,5.2083,3.0998,1,15,-6.35,2,0.00001,10.01,0,1,-8.79,4,winner,0
1696,2025.11.13 10:08:36,EURUSD,BUY,pullback_trend,26.21,0.00055,0.25,15.2949,2.2996,1,10,5.21,3,-0.00002,-25.04,1,0,-25.04,5,steamroller_bsl,1
1697,2025.11.19 21:29:36,EURUSD,SELL,liquidity_vacuum,23.67,0.00020,-0.636364,2.0731,5.8924,17,21,-2.54,1,-0.00001,10.00,0,1,-5.30,5,winner,0
1698,2025.11.20 04:39:28,EURUSD,SELL,liquidity_vacuum,24.31,0.00026,0.3,6.2943,2.8573,2,4,0.64,2,0.00002,10.02,0,1,-13.83,5,winner,0
1699,2025.11.21 12:50:00,EURUSD,SELL,impulse,28.78,0.00062,1.384615,25.3337,0.1903,1,12,4.47,3,0.00012,-25.05,1,0,-25.05,5,steamroller_bsl,1
1700,2025.11.27 03:05:25,EURUSD,BUY,liquidity_vacuum,29.42,0.00030,-0.516129,3.5863,1.6252,2,3,0.64,1,-0.00002,10.01,0,1,-21.94,5,winner,0
1701,2025.12.01 14:05:31,EURUSD,BUY,pullback_trend,23.04,0.00041,0.366667,5.4844,2.8708,1,14,-6.38,2,-0.00003,10.09,0,1,-17.71,5,winner,0
1702,2025.12.03 07:36:04,EURUSD,BUY,grind,22.09,0.00031,-0.243902,2.1473,1.789,1,7,-0.95,3,-0.00001,10.02,0,1,-1.47,3,winner,0
1703,2025.12.03 14:02:04,EURUSD,BUY,rotation,19.27,0.00045,0.451613,7.0984,1.929,1,14,-2.82,4,-0.00002,10.00,0,1,-20.65,5,winner,0
1704,2025.12.10 19:36:42,EURUSD,BUY,rotation,14.14,0.00078,0.733333,11.4257,0.7693,2,19,-5.13,5,0.00012,10.00,0,1,-0.84,2,winner,0
1705,2025.12.11 02:15:32,EURUSD,BUY,liquidity_vacuum,15.35,0.00028,-0.641026,7.8399,4.0797,2,2,1.21,6,-0.00002,10.12,0,1,-6.08,5,winner,0
1706,2025.12.11 12:57:05,EURUSD,BUY,rotation,20.40,0.00030,0.071429,15.2828,2.6741,1,12,5.05,7,0.00001,10.00,0,1,-5.21,5,winner,0
